2.231347051644197998e-01 2.320973276063134083e-01 2.408064431609338030e-01 2.492868526860196887e-01 2.575596026181354858e-01 2.656427345989542665e-01 2.735518530562264794e-01 2.813005620141253993e-01 2.889008061678893791e-01 2.963631406783378552e-01 3.036969470855884756e-01 3.109106079347337959e-01 3.180116493695211433e-01 3.250068585936631282e-01 3.319023814091628388e-01 3.387038038112463734e-01 3.454162207129779505e-01 3.520442941963151107e-01 3.585923031761741320e-01 3.650641859752259966e-01 3.714635770079262045e-01 3.777938385399885468e-01 3.840580883076583629e-01 3.902592236378319424e-01 3.963999425948825928e-01 4.024827625924907171e-01 4.085100368288149264e-01 4.144839688506850583e-01 4.204066254995546537e-01 4.262799484537714290e-01 4.321057645487270116e-01 4.378857950293339463e-01 4.436216638667324630e-01 4.493149052523073284e-01 4.549669703662825859e-01 4.605792335048723429e-01 4.661529976387117635e-01 4.716894994657459539e-01 4.771899140136289796e-01 4.826553588397399785e-01 4.880868978709674288e-01 4.934855449202960043e-01 4.988522669128103160e-01 5.041879868499203887e-01 5.094935865372878236e-01 5.147699090990642823e-01 5.200177612985348308e-01 5.252379156830637719e-01 5.304311125693262907e-01 5.355980618831057694e-01 5.407394448664669673e-01 5.458559156637931009e-01 5.509481027970211109e-01 5.560166105393855585e-01 5.610620201960673237e-01 5.660848912993393656e-01 5.710857627250758295e-01 5.760651537368542963e-01 5.810235649633047617e-01 5.859614793138373523e-01 5.908793628374364726e-01 5.957776655287775336e-01 6.006568220855617035e-01 6.055172526206267225e-01 6.103593633320826273e-01 6.151835471344622164e-01 6.199901842536129637e-01 6.247796427878449244e-01 6.295522792376437859e-01 6.343084390060671485e-01 6.390484568718690639e-01 6.437726574366525734e-01 6.484813555490073211e-01 6.531748567053825560e-01 6.578534574305162641e-01 6.625174456381562882e-01 6.671671009733884938e-01 6.718026951377104039e-01 6.764244921978970204e-01 6.810327488796362738e-01 6.856277148468392646e-01 6.902096329674698438e-01 6.947787395666803478e-01 6.993352646679849016e-01 7.038794322231523015e-01 7.084114603314577430e-01 7.129315614488858088e-01 7.174399425878469350e-01 7.219368055079165014e-01 7.264223468980979259e-01 7.308967585510534049e-01 7.353602275297360658e-01 7.398129363268235448e-01 7.442550630173265791e-01 7.486867814047294400e-01 7.531082611609900557e-01 7.575196679607133499e-01 7.619211636097935614e-01 7.663129061687953270e-01 7.706950500713403152e-01 7.750677462377391080e-01 7.794311421841015886e-01 7.837853821271439925e-01 7.881306070848955736e-01 7.924669549735009477e-01 7.967945607003009689e-01 8.011135562533654442e-01 8.054240707876391125e-01 8.097262307078592070e-01 8.140201597483899265e-01 8.183059790501099329e-01 8.225838072344888730e-01 8.268537604749751635e-01 8.311159525658105007e-01 8.353704949883902220e-01 8.396174969752677741e-01 8.438570655719097591e-01 8.480893056962955923e-01 8.523143201964521465e-01 8.565322099060111993e-01 8.607430736978719521e-01 8.649470085360458915e-01
2.325919367113026825e-01 2.419688964633197048e-01 2.510830889205294403e-01 2.599602572490972707e-01 2.686222467208403963e-01 2.770877830547204823e-01 2.853730617305790251e-01 2.934922015178152988e-01 3.014575985985836204e-01 3.092802066794473337e-01 3.169697611582360519e-01 3.245349604217883654e-01 3.319836138854794783e-01 3.393227639386088290e-01 3.465587872046411722e-01 3.536974792483399410e-01 3.607441259205517170e-01 3.677035638291651920e-01 3.745802318950215426e-01 3.813782155478037672e-01 3.881012848064395726e-01 3.947529272460439942e-01 4.013363766687664258e-01 4.078546381395995457e-01 4.143105099376634959e-01 4.207066028736979324e-01 4.270453573500175848e-01 4.333290584770932985e-01 4.395598495105313419e-01 4.457397438309411708e-01 4.518706356551789316e-01 4.579543096393062784e-01 4.639924495101985236e-01 4.699866458431860572e-01 4.759384030867112036e-01 4.818491459211750039e-01 4.877202250274635942e-01 4.935529223307467683e-01 4.993484557766867393e-01 5.051079836900025377e-01 5.108326087591392728e-01 5.165233816854887250e-01 5.221813045310148560e-01 5.278073337941816545e-01 5.334023832406349364e-01 5.389673265121053269e-01 5.445029995343884099e-01 5.500102027429825124e-01 5.554897031429694154e-01 5.609422362179626864e-01 5.663685077014205538e-01 5.717691952222443419e-01 5.771449498353912189e-01 5.824963974471627504e-01 5.878241401438852876e-01 5.931287574318593325e-01 5.984108073957106200e-01 6.036708277815984180e-01 6.089093370111579029e-01 6.141268351314997931e-01 6.193238047061291329e-01 6.245007116512062417e-01 6.296580060211868224e-01 6.347961227476336399e-01 6.399154823339703313e-01 6.450164915108449470e-01 6.500995438527500392e-01 6.551650203602269462e-01 6.602132900093247159e-01 6.652447102706467996e-01 6.702596276000131192e-01 6.752583779026097854e-01 6.802412869723577504e-01 6.852086709080941196e-01 6.901608365080393881e-01 6.950980816439269461e-01 7.000206956160499594e-01 7.049289594904066814e-01 7.098231464190328799e-01 7.147035219445315724e-01 7.195703442897434243e-01 7.244238646334317799e-01 7.292643273727995590e-01 7.340919703735947488e-01 7.389070252085178092e-01 7.437097173845863551e-01 7.485002665600792859e-01 7.532788867516364562e-01 7.580457865320515687e-01 7.628011692192671056e-01 7.675452330570410320e-01 7.722781713877313603e-01 7.770001728176115785e-01 7.817114213751105156e-01 7.864120966623396880e-01 7.911023740002536275e-01 7.957824245677678210e-01 8.004524155351359083e-01 8.051125101918744642e-01 8.097628680695050374e-01 8.144036450593653553e-01 8.190349935257312808e-01 8.236570624144753383e-01 8.282699973574726426e-01 8.328739407729590649e-01 8.374690319620270440e-01 8.420554072014440061e-01 8.466331998329570396e-01 8.512025403492515796e-01 8.557635564767098746e-01 8.603163732551160070e-01 8.648611131144444686e-01 8.693978959488591896e-01 8.739268391880493647e-01 8.784480578660127659e-01 8.829616646874017816e-01 8.874677700916153711e-01 8.919664823142309240e-01 8.964579074471997755e-01 9.009421494960240251e-01 9.054193104354889554e-01 9.098894902633998250e-01
2.424730792781657485e-01 2.522860683010373362e-01 2.618267639274439174e-01 2.711218841455826922e-01 2.801941005127733808e-01 2.890628462350020578e-01 2.977449279859543663e-01 3.062549967473613410e-01 3.146059154431098959e-01 3.228090497330166064e-01 3.308745007243296676e-01 3.388112931768119118e-01 3.466275291798457392e-01 3.543305147395111598e-01 3.619268648913538944e-01 3.694225916287580680e-01 3.768231779595526132e-01 3.841336406743960374e-01 3.913585838606248313e-01 3.985022447750790064e-01 4.055685333700262962e-01 4.125610665102953933e-01 4.194831977297204806e-01 4.263380432164425859e-01 4.331285045951384083e-01 4.398572889756697246e-01 4.465269266584501184e-01 4.531397868226446080e-01 4.596980914710150912e-01 4.662039278623679173e-01 4.726592596272622959e-01 4.790659367334106911e-01 4.854257044429162726e-01 4.917402113831870203e-01 4.980110168363497403e-01 5.042395973376455620e-01 5.104273526611650125e-01 5.165756112610040418e-01 5.226856352271469497e-01 5.287586248079170215e-01 5.347957225444021079e-01 5.407980170567600053e-01 5.467665465175407524e-01 5.527023018430531343e-01 5.586062296302340968e-01 5.644792348633704826e-01 5.703221834123247680e-01 5.761359043415436032e-01 5.819211920470639399e-01 5.876788082369052146e-01 5.934094837686370028e-01 5.991139203565096771e-01 6.047927921592645140e-01 6.104467472586656562e-01 6.160764090377871538e-01 6.216823774672374237e-01 6.272652303067163260e-01 6.328255242286134896e-01 6.383637958698086257e-01 6.438805628167371120e-01 6.493763245299997156e-01 6.548515632113681706e-01 6.603067446187509404e-01 6.657423188323753349e-01 6.711587209757827743e-01 6.765563718948572891e-01 6.819356787978250178e-01 6.872970358589332029e-01 6.926408247882896996e-01 6.979674153701538319e-01 7.032771659717812485e-01 7.085704240247681085e-01 7.138475264806853904e-01 7.191088002426614390e-01 7.243545625744443051e-01 7.295851214883585234e-01 7.348007761134772720e-01 7.400018170452199451e-01 7.451885266775116756e-01 7.503611795185523015e-01 7.555200424911718837e-01 7.606653752186806061e-01 7.657974302970601554e-01 7.709164535542833985e-01 7.760226842974989880e-01 7.811163555487650179e-01 7.861976942699728799e-01 7.912669215775630649e-01 7.963242529475867970e-01 8.013698984116447432e-01 8.064040627441876330e-01 8.114269456416427495e-01 8.164387418937948393e-01 8.214396415478274482e-01 8.264298300654060458e-01 8.314094884731564328e-01 8.363787935068761614e-01 8.413379177497953831e-01 8.462870297651825524e-01 8.512262942235742091e-01 8.561558720248938492e-01 8.610759204157075741e-01 8.659865931018511098e-01 8.708880403566476858e-01 8.757804091249273837e-01 8.806638431230451314e-01 8.855384829351712339e-01 8.904044661054613119e-01 8.952619272277860807e-01 9.001109980310321168e-01 9.049518074618402297e-01 9.097844817641879134e-01 9.146091445560797784e-01 9.194259169034750823e-01 9.242349173915714866e-01 9.290362621935606136e-01 9.338300651369634275e-01 9.386164377676478043e-01 9.433954894116284295e-01 9.481673272347400649e-01 9.529320563002712241e-01 9.576897796246498507e-01
2.527993690264597193e-01 2.630714520557563829e-01 2.730614522297881153e-01 2.827970956286365301e-01 2.923019081670658603e-01 3.015960544630213458e-01 3.106969729558761162e-01 3.196198646680714628e-01 3.283780748250802461e-01 3.369833947061481316e-01 3.454463031997401790e-01 3.537761621574950222e-01 3.619813759056775826e-01 3.700695226356772727e-01 3.780474635032939901e-01 3.859214338903732555e-01 3.936971202663778202e-01 4.013797253350904759e-01 4.089740235726512796e-01 4.164844088366469466e-01 4.239149353854706481e-01 4.312693533893047770e-01 4.385511398102596159e-01 4.457635253686601517e-01 4.529095181848964424e-01 4.599919245841638804e-01 4.670133674692046877e-01 4.739763025995453738e-01 4.808830330614319304e-01 4.877357221681774546e-01 4.945364049939982576e-01 5.012869987140818884e-01 5.079893118984143419e-01 5.146450528858219631e-01 5.212558373470229656e-01 5.278231951305903946e-01 5.343485764731554788e-01 5.408333576445024660e-01 5.472788460891103712e-01 5.536862851179322753e-01 5.600568581975494675e-01 5.663916928780968751e-01 5.726918643964366007e-01 5.789583989867741476e-01 5.851922769272072111e-01 5.913944353474851479e-01 5.975657708204380469e-01 6.037071417570881726e-01 6.098193706233009381e-01 6.159032459939491888e-01 6.219595244588997929e-01 6.279889323936682644e-01 6.339921676063819955e-01 6.399699008708766845e-01 6.459227773568403386e-01 6.518514179633358996e-01 6.577564205650885398e-01 6.636383611777668667e-01 6.694977950487075447e-01 6.753352576788234085e-01 6.811512657809234428e-01 6.869463181792067052e-01 6.927208966542829360e-01 6.984754667376882331e-01 7.042104784595373257e-01 7.099263670526410053e-01 7.156235536161404953e-01 7.213024457414689561e-01 7.269634381032165082e-01 7.326069130172668808e-01 7.382332409684002617e-01 7.438427811093655251e-01 7.494358817332933409e-01 7.550128807211596849e-01 7.605741059658946979e-01 7.661198757746037202e-01 7.716504992502666305e-01 7.771662766541759249e-01 7.826674997502894859e-01 7.881544521325855035e-01 7.936274095364330705e-01 7.990866401349200343e-01 8.045324048210157342e-01 8.099649574763884141e-01 8.153845452276344830e-01 8.207914086906386020e-01 8.261857822037206311e-01 8.315678940501979310e-01 8.369379666709402255e-01 8.422962168674599237e-01 8.476428559960496045e-01 8.529780901534412818e-01 8.583021203544374256e-01 8.636151427019288507e-01 8.689173485496993754e-01 8.742089246583831796e-01 8.794900533449249158e-01 8.847609126259599055e-01 8.900216763548386423e-01 8.952725143541448993e-01 9.005135925417558918e-01 9.057450730524954086e-01 9.109671143548475625e-01 9.161798713630993074e-01 9.213834955451301045e-01 9.265781350260552385e-01 9.317639346879089679e-01 9.369410362655584690e-01 9.421095784390144390e-01 9.472696969223073360e-01 9.524215245490795789e-01 9.575651913550434768e-01 9.627008246574418893e-01 9.678285491316456213e-01 9.729484868850094559e-01 9.780607575281073940e-01 9.831654782434605666e-01 9.882627638518625135e-01 9.933527268764088536e-01 9.984354776042948520e-01 1.003511124146575728e+00 1.008579772495787674e+00
2.635933322570723769e-01 2.743490559762146730e-01 2.848126481559556389e-01 2.950128769646878646e-01 3.049741513396339587e-01 3.147173917236312235e-01 3.242606892977765165e-01 3.336198132901734836e-01 3.428086070691860887e-01 3.518393014357507065e-01 3.607227653297993553e-01 3.694687085807771831e-01 3.780858474552029058e-01 3.865820410165312082e-01 3.949644043475099009e-01 4.032394032605798873e-01 4.114129340613397190e-01 4.194903911524361928e-01 4.274767246673107368e-01 4.353764898734888700e-01 4.431938897372322828e-01 4.509328117715510342e-01 4.585968600783633664e-01 4.661893833289575961e-01 4.737134992944900258e-01 4.811721164322939615e-01 4.885679529484417971e-01 4.959035536878566020e-01 5.031813051469239406e-01 5.104034488573820916e-01 5.175720933522340861e-01 5.246892248929575508e-01 5.317567171111040603e-01 5.387763396955220774e-01 5.457497662380977888e-01 5.526785813354642141e-01 5.595642870310694184e-01 5.664083086709179593e-01 5.732120002368632505e-01 5.799766492132673035e-01 5.867034810359336161e-01 5.933936631662802830e-01 6.000483088285892830e-01 6.066684804437448841e-01 6.132551927890214083e-01 6.198094159101483758e-01 6.263320778089526142e-01 6.328240669274411978e-01 6.392862344462534319e-01 6.457193964156274779e-01 6.521243357315101852e-01 6.585018039719053862e-01 6.648525231046852335e-01 6.711771870777983873e-01 6.774764633016094884e-01 6.837509940321702118e-01 6.900013976633887491e-01 6.962282699353116167e-01 7.024321850650763199e-01 7.086136968064890018e-01 7.147733394436481813e-01 7.209116287235605158e-01 7.270290627322570920e-01 7.331261227185337237e-01 7.392032738690849092e-01 7.452609660384909018e-01 7.512996344372220303e-01 7.573197002805720501e-01 7.633215714011957198e-01 7.693056428277086356e-01 7.752722973316182875e-01 7.812219059446767755e-01 7.871548284485803126e-01 7.930714138388048617e-01 7.989720007642184818e-01 8.048569179440012711e-01 8.107264845632857764e-01 8.165810106488224918e-01 8.224207974258989085e-01 8.282461376576294443e-01 8.340573159676720749e-01 8.398546091473536590e-01 8.456382864481023498e-01 8.514086098600457397e-01 8.571658343775624411e-01 8.629102082525192952e-01 8.686419732358922063e-01 8.743613648084084256e-01 8.800686124008151312e-01 8.857639396044202362e-01 8.914475643719053100e-01 8.971196992103129819e-01 9.027805513646620650e-01 9.084303229942489732e-01 9.140692113413426689e-01 9.196974088927820645e-01 9.253151035348367026e-01 9.309224787016708857e-01 9.365197135177353305e-01 9.421069829343764468e-01 9.476844578609570080e-01 9.532523052907484473e-01 9.588106884218511317e-01 9.643597667733769807e-01 9.698996962971199176e-01 9.754306294849268699e-01 9.809527154719682729e-01 9.864661001360989223e-01 9.919709261934990252e-01 9.974673332906771606e-01 1.002955458093264696e+00 1.008435434371289796e+00 1.013907393081619590e+00 1.019371462447154597e+00 1.024827768033468089e+00 1.030276432822523569e+00 1.035717577283876700e+00 1.041151319443373247e+00 1.046577774949465356e+00 1.051997057137242342e+00 1.057409277090274768e+00 1.062814543700361103e+00
2.748788872335700684e-01 2.861444002237537032e-01 2.971074800009366190e-01 3.077979715060339960e-01 3.182411959203392815e-01 3.284588543781070680e-01 3.384697121498489447e-01 3.482901251399918019e-01 3.579344509531838248e-01 3.674153740224041509e-01 3.767441657809847966e-01 3.859308950636170521e-01 3.949845998958849691e-01 4.039134289942041822e-01 4.127247592523051734e-01 4.214252940155618909e-01 4.300211458460145297e-01 4.385179066674773640e-01 4.469207075646868255e-01 4.552342700416212029e-01 4.634629501834257592e-01 4.716107768863315175e-01 4.796814851007514258e-01 4.876785448598097150e-01 4.956051867281145995e-01 5.034644241956408584e-01 5.112590734530073622e-01 5.189917709126991019e-01 5.266649887822885123e-01 5.342810489478110325e-01 5.418421353859710354e-01 5.493503052911997697e-01 5.568074990764189103e-01 5.642155493836786828e-01 5.715761892218068629e-01 5.788910593321826559e-01 5.861617148701969704e-01 5.933896314784639081e-01 6.005762108180594527e-01 6.077227856156993679e-01 6.148306242775950503e-01 6.219009351145633469e-01 6.289348702176486006e-01 6.359335290189936929e-01 6.428979615681489346e-01 6.498291715522963585e-01 6.567281190827657378e-01 6.635957232708251663e-01 6.704328646113456580e-01 6.772403871916460316e-01 6.840191007409160973e-01 6.907697825340453068e-01 6.974931791622844823e-01 7.041900081819422175e-01 7.108609596512081019e-01 7.175066975642422351e-01 7.241278611907804308e-01 7.307250663287520043e-01 7.372989064767035972e-01 7.438499539322054321e-01 7.503787608218693839e-01 7.568858600681002136e-01 7.633717662972632212e-01 7.698369766935395653e-01 7.762819718023840077e-01 7.827072162871679950e-01 7.891131596422941152e-01 7.955002368657972944e-01 8.018688690942130659e-01 8.082194642022553221e-01 8.145524173696614412e-01 8.208681116173710546e-01 8.271669183150368587e-01 8.334491976617162123e-01 8.397152991414545964e-01 8.459655619553418937e-01 8.522003154315074269e-01 8.584198794144100031e-01 8.646245646346917280e-01 8.708146730607565500e-01 8.769904982331736543e-01 8.831523255830086017e-01 8.893004327344012916e-01 8.954350897939534759e-01 9.015565596253273251e-01 9.076650981117837524e-01 9.137609544065214973e-01 9.198443711716338678e-01 9.259155848063171934e-01 9.319748256649097451e-01 9.380223182653083525e-01 9.440582814882790830e-01 9.500829287681391566e-01 9.560964682752629562e-01 9.620991030908372377e-01 9.680910313742588924e-01 9.740724465235557350e-01 9.800435373291752628e-01 9.860044881214793389e-01 9.919554789122617677e-01 9.978966855305008155e-01 1.003828279752886132e+00 1.009750429428935448e+00 1.015663298601395814e+00 1.021567047621891877e+00 1.027461833262133917e+00 1.033347808820873626e+00 1.039225124226809571e+00 1.045093926137629303e+00 1.050954358035355529e+00 1.056806560318172217e+00 1.062650670388883611e+00 1.068486822740154052e+00 1.074315149036673356e+00 1.080135778194380336e+00 1.085948836456873234e+00 1.091754447469125644e+00 1.097552732348624271e+00 1.103343809754039784e+00 1.109127795951528439e+00 1.114904804878771749e+00 1.120674948206838106e+00
2.866814564418708744e-01 2.984846411757982043e-01 3.099748467293244603e-01 3.211830301390050657e-01 3.321354545627560051e-01 3.428546271035347037e-01 3.533600088002664119e-01 3.636685609719358392e-01 3.737951717687897357e-01 3.837529935400677550e-01 3.935537127928048218e-01 4.032077685041192128e-01 4.127245303644478391e-01 4.221124455890684635e-01 4.313791608136909317e-01 4.405316240532071714e-01 4.495761705678861797e-01 4.585185956350399383e-01 4.673642165858311048e-01 4.761179259803815511e-01 4.847842374200128091e-01 4.933673252048522140e-01 5.018710588175565590e-01 5.102990330344551184e-01 5.186545943228023647e-01 5.269408640687210932e-01 5.351607590885244514e-01 5.433170098016451011e-01 5.514121763827274370e-01 5.594486631607098470e-01 5.674287314917877412e-01 5.753545112992443089e-01 5.832280114449591712e-01 5.910511290738629242e-01 5.988256580528624751e-01 6.065532966091298217e-01 6.142356542585971635e-01 6.218742581035650030e-01 6.294705585681762416e-01 6.370259346319002702e-01 6.445416986132289638e-01 6.520191005509718973e-01 6.594593322222415122e-01 6.668635308343943136e-01 6.742327824221766575e-01 6.815681249783925866e-01 6.888705513431784278e-01 6.961410118742206166e-01 7.033804169178559107e-01 7.105896390988849509e-01 7.177695154450718373e-01 7.249208493606698056e-01 7.320444124618632475e-01 7.391409462857393420e-01 7.462111638832671368e-01 7.532557513057458465e-01 7.602753689932962855e-01 7.672706530731541186e-01 7.742422165748208407e-01 7.811906505684741431e-01 7.881165252324721093e-01 7.950203908552709864e-01 8.019027787766003224e-01 8.087642022723386948e-01 8.156051573871371252e-01 8.224261237185145346e-01 8.292275651558268512e-01 8.360099305772402678e-01 8.427736545075876773e-01 8.495191577397489535e-01 8.562468479219970119e-01 8.629571201135550762e-01 8.696503573104396034e-01 8.763269309435045562e-01 8.829872013505579709e-01 8.896315182235692287e-01 8.962602210341507059e-01 9.028736394363264806e-01 9.094720936498523756e-01 9.160558948244441613e-01 9.226253453861960052e-01 9.291807393672484316e-01 9.357223627196761262e-01 9.422504936145122967e-01 9.487654027267566903e-01 9.552673535071609656e-01 9.617566024415323822e-01 9.682333992982478099e-01 9.746979873646256509e-01 9.811506036727600799e-01 9.875914792153888122e-01 9.940208391523220888e-01 1.000438903007082603e+00 1.006845884860128271e+00 1.013241993521466933e+00 1.019627432712355342e+00 1.026002401227291694e+00 1.032367093094094468e+00 1.038721697726645576e+00 1.045066400071432255e+00 1.051401380748186121e+00 1.057726816184915819e+00 1.064042878747597065e+00 1.070349736864781187e+00 1.076647555147357993e+00 1.082936494503704328e+00 1.089216712250429708e+00 1.095488362218927536e+00 1.101751594857919736e+00 1.108006557332177344e+00 1.114253393617594456e+00 1.120492244592770970e+00 1.126723248127263766e+00 1.132946539166655775e+00 1.139162249814572370e+00 1.145370509411786530e+00 1.151571444612536910e+00 1.157765179458169591e+00 1.163951835448147065e+00 1.170131531608989528e+00 1.176304384560136862e+00 1.182470508578259416e+00
2.990280905990030380e-01 3.113987089147255971e-01 3.234455693539921572e-01 3.352007769503493884e-01 3.466915670254008264e-01 3.579412782861086106e-01 3.689700895005885717e-01 3.797955863614738692e-01 3.904332040457182962e-01 4.008965772338369815e-01 4.111978201872776850e-01 4.213477532338545384e-01 4.313560876824363288e-01 4.412315781238738688e-01 4.509821488813840484e-01 4.606149997763430703e-01 4.701366951983093068e-01 4.795532395899549383e-01 4.888701417952068806e-01 4.980924702140814286e-01 5.072249003192852435e-01 5.162717557881325581e-01 5.252370442673056639e-01 5.341244886017767479e-01 5.429375542112656605e-01 5.516794731791879736e-01 5.603532655237354332e-01 5.689617580434558342e-01 5.775076010667573589e-01 5.859932833831846821e-01 5.944211455918188003e-01 6.027933920670002221e-01 6.111121017123334331e-01 6.193792376495110830e-01 6.275966559680085100e-01 6.357661136445285077e-01 6.438892757259702115e-01 6.519677218589529089e-01 6.600029522355177480e-01 6.679963930186819665e-01 6.759494013018431113e-01 6.838632696500995811e-01 6.917392302657250358e-01 6.995784588150819605e-01 7.073820779499694344e-01 7.151511605526738036e-01 7.228867327307249013e-01 7.305897765845326131e-01 7.382612327685778020e-01 7.459020028646426992e-01 7.535129515836571645e-01 7.610949088110174898e-01 7.686486715087555988e-01 7.761750054865944604e-01 7.836746470527546915e-01 7.911483045543306059e-01 7.985966598161138297e-01 8.060203694859224832e-01 8.134200662937391968e-01 8.207963602313083085e-01 8.281498396582299693e-01 8.354810723400740713e-01 8.427906064235348715e-01 8.500789713532281855e-01 8.573466787343356765e-01 8.645942231449482707e-01 8.718220829016405382e-01 8.790307207815224455e-01 8.862205847038199247e-01 8.933921083732634383e-01 9.005457118890642931e-01 9.076818023199930696e-01 9.148007742492012540e-01 9.219030102901174528e-01 9.289888815753674089e-01 9.360587482204297816e-01 9.431129597635967698e-01 9.501518555836995228e-01 9.571757652969569152e-01 9.641850091342051288e-01 9.711798982996783236e-01 9.781607353124268656e-01 9.851278143313938473e-01 9.920814214650961471e-01 9.990218350667193770e-01 1.005949326015681544e+00 1.012864157986049785e+00 1.019766587702882976e+00 1.026656865187005163e+00 1.033535233988842172e+00 1.040401931411944370e+00 1.047257188726731458e+00 1.054101231374974246e+00 1.060934279165504535e+00 1.067756546461603451e+00 1.074568242360493198e+00 1.081369570865345242e+00 1.088160731050164642e+00 1.094941917217925997e+00 1.101713319052279871e+00 1.108475121763155435e+00 1.115227506226547538e+00 1.121970649118778196e+00 1.128704723045489855e+00 1.135429896665623328e+00 1.142146334810614228e+00 1.148854198599033483e+00 1.155553645546878672e+00 1.162244829673650948e+00 1.168927901604806197e+00 1.175603008669787952e+00 1.182270294997058269e+00 1.188929901605385142e+00 1.195581966491890524e+00 1.202226624716940195e+00 1.208864008486016051e+00 1.215494247228704028e+00 1.222117467674911362e+00 1.228733793928439733e+00 1.235343347538022218e+00 1.241946247565927308e+00 1.248542610654234775e+00
3.119476059137893942e-01 3.249174595999694826e-01 3.375525588913211306e-01 3.498861932234741956e-01 3.619466006542282899e-01 3.737579774234504604e-01 3.853412422107526658e-01 3.967146242050808569e-01 4.078941222090184948e-01 4.188938677312734615e-01 4.297264155164272625e-01 4.404029784771613665e-01 4.509336194990388180e-01 4.613274094119850788e-01 4.715925581449915138e-01 4.817365244235682353e-01 4.917661081481490282e-01 5.016875286805745349e-01 5.115064915785498822e-01 5.212282457942375435e-01 5.308576329501796254e-01 5.403991299929317149e-01 5.498568862799160240e-01 5.592347559618533470e-01 5.685363263696171510e-01 5.777649429915464596e-01 5.869237315283416523e-01 5.960156174325338396e-01 6.050433432742137185e-01 6.140094842211999415e-01 6.229164618777548457e-01 6.317665566895691587e-01 6.405619190917973826e-01 6.493045795535331566e-01 6.579964576474267579e-01 6.666393702589438197e-01 6.752350390322445772e-01 6.837850971377075204e-01 6.922910954350453006e-01 7.007545080966284257e-01 7.091767377476297929e-01 7.175591201727181678e-01 7.259029286331024622e-01 7.342093778325848863e-01 7.424796275668439360e-01 7.507147860862829480e-01 7.589159131994229757e-01 7.670840231408526666e-01 7.752200872251812092e-01 7.833250363061587951e-01 7.913997630581466325e-01 7.994451240953435178e-01 8.074619419426388722e-01 8.154510068705681514e-01 8.234130786056362838e-01 8.313488879261869968e-01 8.392591381530228878e-01 8.471445065431284505e-01 8.550056455940701072e-01 8.628431842659586293e-01 8.706577291272498131e-01 8.784498654300849640e-01 8.862201581204672829e-01 8.939691527875833765e-01 9.016973765578460975e-01 9.094053389358779382e-01 9.170935325975713148e-01 9.247624341379230284e-01 9.324125047768622165e-01 9.400441910259131895e-01 9.476579253183123885e-01 9.552541266049958679e-01 9.628332009186799656e-01 9.703955419081028433e-01 9.779415313443211577e-01 9.854715396008310035e-01 9.929859261091487088e-01 1.000485039791320308e+00 1.007969219470888467e+00 1.015438794263465061e+00 1.022894083948150845e+00 1.030335399321119283e+00 1.037763042532132696e+00 1.045177307405162681e+00 1.052578479743965456e+00 1.059966837623459002e+00 1.067342651667714915e+00 1.074706185315294382e+00 1.082057695072632830e+00 1.089397430756117613e+00 1.096725635723470704e+00 1.104042547095006377e+00 1.111348395965298330e+00 1.118643407605761197e+00 1.125927801658612948e+00 1.133201792322665380e+00 1.140465588531356378e+00 1.147719394123416281e+00 1.154963408006536296e+00 1.162197824314387118e+00 1.169422832557219127e+00 1.176638617766876616e+00 1.183845360635277899e+00 1.191043237648206743e+00 1.198232421213548005e+00 1.205413079784644514e+00 1.212585377978930179e+00 1.219749476692071344e+00 1.226905533207806487e+00 1.234053701303692741e+00 1.241194131352935992e+00 1.248326970422483528e+00 1.255452362367545316e+00 1.262570447922698902e+00 1.269681364789730038e+00 1.276785247722347361e+00 1.283882228607910791e+00 1.290972436546292679e+00 1.298055997926004235e+00 1.305133036497692078e+00 1.312203673445121677e+00 1.319268027453746273e+00
3.254707363236484241e-01 3.390738446715865217e-01 3.523310030744417065e-01 3.652767221880259263e-01 3.779402736803059715e-01 3.903467374684149727e-01 4.025177944731452850e-01 4.144723365987121322e-01 4.262269429242790397e-01 4.377962563012204322e-01 4.491932846780100630e-01 4.604296447544446447e-01 4.715157609010867112e-01 4.824610289853129008e-01 4.932739523824966610e-01 5.039622557318685914e-01 5.145329807296094016e-01 5.249925673066072607e-01 5.353469228254019718e-01 5.456014813875581515e-01 5.557612549246950806e-01 5.658308774219249493e-01 5.758146433684491194e-01 5.857165413297047429e-01 5.955402833762377668e-01 6.052893309770761565e-01 6.149669178628088817e-01 6.245760702804373787e-01 6.341196249944229812e-01 6.436002453323352857e-01 6.530204355294292329e-01 6.623825535857661428e-01 6.716888228211325140e-01 6.809413422847396813e-01 6.901420961553760280e-01 6.992929622490164920e-01 7.083957197352107604e-01 7.174520561502563121e-01 7.264635737838357477e-01 7.354317955061113743e-01 7.443581700939734258e-01 7.532440771080001207e-01 7.620908313655395672e-01 7.708996870499962295e-01 7.796718414917915840e-01 7.884084386524596866e-01 7.971105723398336229e-01 8.057792891792255885e-01 8.144155913628247090e-01 8.230204391971867040e-01 8.315947534666170426e-01 8.401394176284284754e-01 8.486552798544387821e-01 8.571431549316506082e-01 8.656038260337843848e-01 8.740380463742131179e-01 8.824465407499346714e-01 8.908300069846524227e-01 8.991891172803940790e-01 9.075245194824974604e-01 9.158368382663837348e-01 9.241266762511721744e-01 9.323946150457070869e-01 9.406412162319328640e-01 9.488670222901354201e-01 9.570725574701932636e-01 9.652583286126198425e-01 9.734248259228975853e-01 9.815725237022915328e-01 9.897018810380961984e-01 9.978133424560294840e-01 1.005907338537266993e+00 1.013984286502447096e+00 1.022044590764735750e+00 1.030088643453990427e+00 1.038116824913780656e+00 1.046129504173001878e+00 1.054127039393629284e+00 1.062109778296077556e+00 1.070078058563508128e+00 1.078032208226351374e+00 1.085972546028203922e+00 1.093899381774190216e+00 1.101813016662808620e+00 1.109713743602201319e+00 1.117601847511730195e+00 1.125477605609687126e+00 1.133341287687904542e+00 1.141193156373987883e+00 1.149033467381842533e+00 1.156862469751130051e+00 1.164680406076164187e+00 1.172487512725219005e+00 1.180284020049798377e+00 1.188070152585575245e+00 1.195846129244590772e+00 1.203612163499477861e+00 1.211368463560053677e+00 1.219115232542675731e+00 1.226852668632706367e+00 1.234580965240432482e+00 1.242300311150762226e+00 1.250010890666986230e+00 1.257712883748902444e+00 1.265406466145561293e+00 1.273091809522889584e+00 1.280769081586432767e+00 1.288438446199433818e+00 1.296100063496475441e+00 1.303754089992874565e+00 1.311400678690030075e+00 1.319039979176900967e+00 1.326672137727785250e+00 1.334297297396569881e+00 1.341915598107595198e+00 1.349527176743291257e+00 1.357132167228718211e+00 1.364730700613142611e+00 1.372322905148785521e+00 1.379908906366844823e+00 1.387488827150918480e+00 1.395062787807934690e+00
3.396303026890063470e-01 3.539030991244558888e-01 3.678185743317776701e-01 3.814124973083616310e-01 3.947152044056730369e-01 4.077526854832501657e-01 4.205474060933289682e-01 4.331189400840187442e-01 4.454844634363279710e-01 4.576591448023519249e-01 4.696564579742040779e-01 4.814884345408324551e-01 4.931658701501732134e-01 5.046984943767488518e-01 5.160951117438665747e-01 5.273637196665557081e-01 5.385116077672157386e-01 5.495454420356403746e-01 5.604713365656676105e-01 5.712949150372119700e-01 5.820213636789008937e-01 5.926554771100008834e-01 6.032016981968886249e-01 6.136641528515425215e-01 6.240466805343860557e-01 6.343528610917830157e-01 6.445860384516169939e-01 6.547493416157053048e-01 6.648457033148553741e-01 6.748778766377473426e-01 6.848484498955162980e-01 6.947598599453918000e-01 7.046144041640142186e-01 7.144142512338199635e-01 7.241614508830284125e-01 7.338579427005353928e-01 7.435055641307473095e-01 7.531060577395903843e-01 7.626610778311849748e-01 7.721721964846293140e-01 7.816409090717370001e-01 7.910686393091779234e-01 8.004567438920804356e-01 8.098065167506550699e-01 8.191191929665959659e-01 8.283959523818689163e-01 8.376379229288664074e-01 8.468461837077339016e-01 8.560217678339049341e-01 8.651656650764391054e-01 8.742788243056173192e-01 8.833621557664260715e-01 8.924165331923141764e-01 9.014427957740377417e-01 9.104417499936040548e-01 9.194141713360046708e-01 9.283608058878221048e-01 9.372823718318343822e-01 9.461795608457547191e-01 9.550530394124994160e-01 9.639034500487189128e-01 9.727314124577244314e-01 9.815375246124096176e-01 9.903223637732856410e-01 9.990864874463065703e-01 1.007830434284765486e+00 1.016554724939251031e+00 1.025259862859100091e+00 1.033946335048950393e+00 1.042614612783160144e+00 1.051265152281076976e+00 1.059898395345687749e+00 1.068514769968053724e+00 1.077114690899738658e+00 1.085698560195271778e+00 1.094266767726537193e+00 1.102819691670845259e+00 1.111357698974301700e+00 1.119881145791991939e+00 1.128390377906370645e+00 1.136885731125165666e+00 1.145367531660000937e+00 1.153836096486871021e+00 1.162291733689509332e+00 1.170734742786555760e+00 1.179165415043902376e+00 1.187584033771954095e+00 1.195990874610016519e+00 1.204386205797547627e+00 1.212770288433357990e+00 1.221143376723345941e+00 1.229505718217382748e+00 1.237857554035926233e+00 1.246199119086891294e+00 1.254530642273292029e+00 1.262852346692125094e+00 1.271164449824942810e+00 1.279467163720532374e+00 1.287760695170104386e+00 1.296045245875347307e+00 1.304321012609717556e+00 1.312588187373277204e+00 1.320846957541401245e+00 1.329097506007646423e+00 1.337340011321056510e+00 1.345574647818165603e+00 1.353801585749952130e+00 1.362020991403968262e+00 1.370233027221876787e+00 1.378437851912596601e+00 1.386635620561254667e+00 1.394826484734144723e+00 1.403010592579848614e+00 1.411188088926710771e+00 1.419359115376814140e+00 1.427523810396608583e+00 1.435682309404342272e+00 1.443834744854426866e+00 1.451981246318869712e+00 1.460121940565896725e+00 1.468256951635880103e+00 1.476386400914686092e+00
3.544614012263659353e-01 3.694429514307280837e-01 3.840556619170696351e-01 3.983365973154072703e-01 4.123171898129024959e-01 4.260243654822868375e-01 4.394813968490017819e-01 4.527085588451041365e-01 4.657236408562155927e-01 4.785423516455137860e-01 4.911786433207137592e-01 5.036449732782961597e-01 5.159525180397483979e-01 5.281113493503064582e-01 5.401305803687903584e-01 5.520184879279534940e-01 5.637826154818879054e-01 5.754298603403915635e-01 5.869665480234137478e-01 5.983984959843428042e-01 6.097310685013268561e-01 6.209692241868439710e-01 6.321175572926458486e-01 6.431803337712290736e-01 6.541615228853905339e-01 6.650648250175222875e-01 6.758936962231630874e-01 6.866513699818626026e-01 6.973408765263690023e-01 7.079650600713538466e-01 7.185265942137508688e-01 7.290279957361225360e-01 7.394716370106466652e-01 7.498597571730848399e-01 7.601944722123989973e-01 7.704777841017504958e-01 7.807115890797418079e-01 7.908976851764659699e-01 8.010377790667448927e-01 8.111334923225309579e-01 8.211863671275310139e-01 8.311978715094382464e-01 8.411694041385492371e-01 8.511022987358275449e-01 8.609978281285056712e-01 8.708572079870186000e-01 8.806816002733878213e-01 8.904721164271888201e-01 9.002298203146491540e-01 9.099557309597250399e-01 9.196508250783878013e-01 9.293160394322977913e-01 9.389522730174966192e-01 9.485603891019995793e-01 9.581412171248241405e-01 9.676955544677856569e-01 9.772241681102924460e-01 9.867277961764426841e-01 9.962071493828416058e-01 1.005662912394803543e+00 1.015095745097923885e+00 1.024506283791340788e+00 1.033895142308537851e+00 1.043262913070944986e+00 1.052610168079199937e+00 1.061937459846516107e+00 1.071245322278219669e+00 1.080534271501199850e+00 1.089804806646705870e+00 1.099057410589649342e+00 1.108292550647327346e+00 1.117510679240248939e+00 1.126712234517538658e+00 1.135897640949211196e+00 1.145067309887425333e+00 1.154221640098684887e+00 1.163361018268791458e+00 1.172485819482149694e+00 1.181596407677466543e+00 1.190693136080162917e+00 1.199776347614265326e+00 1.208846375294025499e+00 1.217903542596813216e+00 1.226948163818311066e+00 1.235980544411028115e+00 1.245000981307070820e+00 1.254009763226059615e+00 1.263007170969017601e+00 1.271993477698998287e+00 1.280968949209179142e+00 1.289933844179094180e+00 1.298888414419640647e+00 1.307832905107453314e+00 1.316767555009203283e+00 1.325692596696347980e+00 1.334608256750815958e+00 1.343514755962095908e+00 1.352412309516161537e+00 1.361301127176641312e+00 1.370181413458614550e+00 1.379053367795402218e+00 1.387917184698689743e+00 1.396773053912304663e+00 1.405621160559954230e+00 1.414461685287208947e+00 1.423294804398002933e+00 1.432120689985906692e+00 1.440939510060416984e+00 1.449751428668489828e+00 1.458556606011530921e+00 1.467355198558056850e+00 1.476147359152215177e+00 1.484933237118342575e+00 1.493712978361751098e+00 1.502486725465889128e+00 1.511254617786050414e+00 1.520016791539767098e+00 1.528773379894038165e+00 1.537524513049520536e+00 1.546270318321817605e+00 1.555010920219977999e+00 1.563746440522328252e+00
3.700016138101697161e-01 3.857338580823451712e-01 4.010856315166019814e-01 4.160953316794444024e-01 4.307955176731054769e-01 4.452140779240489343e-01 4.593751140957882395e-01 4.732996211324657088e-01 4.870060180890356527e-01 5.005105678919578027e-01 5.138277131629925831e-01 5.269703477393312685e-01 5.399500383181262686e-01 5.527772069781906605e-01 5.654612826958193006e-01 5.780108280542508581e-01 5.904336459331082088e-01 6.027368699100424942e-01 6.149270413117430278e-01 6.270101752456982425e-01 6.389918174773305815e-01 6.508770936573641253e-01 6.626707521173865745e-01 6.743772012322296616e-01 6.860005421675932080e-01 6.975445976903448253e-01 7.090129376044030929e-01 7.204089012824569371e-01 7.317356176882985341e-01 7.429960232226819894e-01 7.541928776746945617e-01 7.653287785184669234e-01 7.764061737600027602e-01 7.874273735096394278e-01 7.983945604310941357e-01 8.093097991973871030e-01 8.201750450664541114e-01 8.309921516744326331e-01 8.417628781319862474e-01 8.524888954982459133e-01 8.631717926977032773e-01 8.738130819374433367e-01 8.844142036753208647e-01 8.949765311832559300e-01 9.055013747463225293e-01 9.159899855308325511e-01 9.264435591540686188e-01 9.368632389826453410e-01 9.472501191843736290e-01 9.576052475557299548e-01 9.679296281447394845e-01 9.782242236870399843e-01 9.884899578711097146e-01 9.987277174470475805e-01 1.008938354191871944e+00 1.019122686743168638e+00 1.029281502311395036e+00 1.039415558280970986e+00 1.049525583708371457e+00 1.059612280725466649e+00 1.069676325855227317e+00 1.079718371246388475e+00 1.089739045833080899e+00 1.099738956424916259e+00 1.109718688732547864e+00 1.119678808333297360e+00 1.129619861581077078e+00 1.139542376464463880e+00 1.149446863416493159e+00 1.159333816079438417e+00 1.169203712027523157e+00 1.179057013450736990e+00 1.188894167801401336e+00 1.198715608407001643e+00 1.208521755050664837e+00 1.218313014521620330e+00 1.228089781137466696e+00 1.237852437239987502e+00 1.247601353666136781e+00 1.257336890195687173e+00 1.267059395976938285e+00 1.276769209931781779e+00 1.286466661141335122e+00 1.296152069213261315e+00 1.305825744631830210e+00 1.315487989091696619e+00 1.325139095816314505e+00 1.334779349861830555e+00 1.344409028407270501e+00 1.354028401031753148e+00 1.363637729979437774e+00 1.373237270412859923e+00 1.382827270655269114e+00 1.392407972422545326e+00 1.401979611045237828e+00 1.411542415681228846e+00 1.421096609519510334e+00 1.430642409975509510e+00 1.440180028878399687e+00 1.449709672650783210e+00 1.459231542481129740e+00 1.468745834489318502e+00 1.478252739885617562e+00 1.487752445123419420e+00 1.497245132046023830e+00 1.506730978027750467e+00 1.516210156109647045e+00 1.525682835130043324e+00 1.535149179850185508e+00 1.544609351075178161e+00 1.554063505770442610e+00 1.563511797173895435e+00 1.572954374904034447e+00 1.582391385064117806e+00 1.591822970342602339e+00 1.601249270110001399e+00 1.610670420512325229e+00 1.620086554561243730e+00 1.629497802221110181e+00 1.638904290492978699e+00 1.648306143495747556e+00 1.657703482544533813e+00
3.862912431810175407e-01 4.028192661839181121e-01 4.189551161758036102e-01 4.347385607805739904e-01 4.502033168478554725e-01 4.653782610004064124e-01 4.802883458713340659e-01 4.949553049854638620e-01 5.093982029531775035e-01 5.236338705239860225e-01 5.376772526298674304e-01 5.515416897727788426e-01 5.652391477139551146e-01 5.787804066121052804e-01 5.921752180248991415e-01 6.054324362002528881e-01 6.185601286188648906e-01 6.315656696567201189e-01 6.444558204116143107e-01 6.572367971111719998e-01 6.699143300339431839e-01 6.824937145030750552e-01 6.949798552165252774e-01 7.073773049469777030e-01 7.196902984605171305e-01 7.319227823559210089e-01 7.440784414079045783e-01 7.561607219016345249e-01 7.681728523675808162e-01 7.801178620616810999e-01 7.919985974830004993e-01 8.038177371773849167e-01 8.155778050392817891e-01 8.272811822935739468e-01 8.389301183138277995e-01 8.505267404119356556e-01 8.620730627160314574e-01 8.735709942381840731e-01 8.850223462203636871e-01 8.964288388355442505e-01 9.077921073127144247e-01 9.191137075435942272e-01 9.303951212248315894e-01 9.416377605812099594e-01 9.528429727108865821e-01 9.640120435889203421e-01 9.751462017613039546e-01 9.862466217581973282e-01 9.973144272519645082e-01 1.008350693982901447e+00 1.019356452473229036e+00 1.030332690547550500e+00 1.041280355676667657e+00 1.052200357159305710e+00 1.063093568155402124e+00 1.073960827583030353e+00 1.084802941889957184e+00 1.095620686709795510e+00 1.106414808411788187e+00 1.117186025552440842e+00 1.127935030236473901e+00 1.138662489393916344e+00 1.149369045979550252e+00 1.160055320100392029e+00 1.170721910076332639e+00 1.181369393439090532e+00 1.191998327872933139e+00 1.202609252102299520e+00 1.213202686729218494e+00 1.223779135024199993e+00 1.234339083673679616e+00 1.244883003486889406e+00 1.255411350064806975e+00 1.265924564433638988e+00 1.276423073645100104e+00 1.286907291345590787e+00 1.297377618316212011e+00 1.307834442985421841e+00 1.318278141916005453e+00 1.328709080267907128e+00 1.339127612238373510e+00 1.349534081480740388e+00 1.359928821503128216e+00 1.370312156048191676e+00 1.380684399455025302e+00 1.391045857004226782e+00 1.401396825247068545e+00 1.411737592319660894e+00 1.422068438242931609e+00 1.432389635209198486e+00 1.442701447856049590e+00 1.453004133528223329e+00 1.463297942528113849e+00 1.473583118355495492e+00 1.483859897937042982e+00 1.494128511846151586e+00 1.504389184513568400e+00 1.514642134429288411e+00 1.524887574336160956e+00 1.535125711415613381e+00 1.545356747465878033e+00 1.555580879073096279e+00 1.565798297775631731e+00 1.576009190221932643e+00 1.586213738322233224e+00 1.596412119394403417e+00 1.606604506304200708e+00 1.616791067600196197e+00 1.626971967643622063e+00 1.637147366733355147e+00 1.647317421226274003e+00 1.657482283653191502e+00 1.667642102830549478e+00 1.677797023968084167e+00 1.687947188772611407e+00 1.698092735548127008e+00 1.708233799292359745e+00 1.718370511789939936e+00 1.728503001702325959e+00 1.738631394654622797e+00 1.748755813319421648e+00 1.758876377497788912e+00
4.033735765726949030e-01 4.207459080648118799e-01 4.377143429780114281e-01 4.543200557039321907e-01 4.705979512086701511e-01 4.865779196555746755e-01 5.022857859563061300e-01 5.177440402460483648e-01 5.329724080271406317e-01 5.479883009758546031e-01 5.628071775710298263e-01 5.774428346426568881e-01 5.919076453440393903e-01 6.062127551012096438e-01 6.203682442606118785e-01 6.343832640955867630e-01 6.482661513132720321e-01 6.620245250720528940e-01 6.756653696632607398e-01 6.891951053622786816e-01 7.026196494518051061e-01 7.159444690319546334e-01 7.291746269275359849e-01 7.423148217628983137e-01 7.553694230840624080e-01 7.683425022553327377e-01 7.812378597347513498e-01 7.940590492332686434e-01 8.068093991814234700e-01 8.194920318609117960e-01 8.321098805037245860e-01 8.446657046162715510e-01 8.571621037482785033e-01 8.696015298948152061e-01 8.819862986935280702e-01 8.943185995564097990e-01 9.066005048584948600e-01 9.188339782865861949e-01 9.310208824413682693e-01 9.431629857720666976e-01 9.552619689139272285e-01 9.673194304900673002e-01 9.793368924319166835e-01 9.913158048661010469e-01 1.003257550610004101e+00 1.015163449313852606e+00 1.027034761282175301e+00 1.038872691004856019e+00 1.050678390423980924e+00 1.062452961960291153e+00 1.074197461320453240e+00 1.085912900104205825e+00 1.097600248228505881e+00 1.109260436184107412e+00 1.120894357138483066e+00 1.132502868897655279e+00 1.144086795738320506e+00 1.155646930120566074e+00 1.167184034290544403e+00 1.178698841781507189e+00 1.190192058821429422e+00 1.201664365653158262e+00 1.213116417774896316e+00 1.224548847105942695e+00 1.235962263083419055e+00 1.247357253694856727e+00 1.258734386451160869e+00 1.270094209304094557e+00 1.281437251512093534e+00 1.292764024457914385e+00 1.304075022421351093e+00 1.315370723309986944e+00 1.326651589350729799e+00 1.337918067744671369e+00 1.349170591287607301e+00 1.360409578958401644e+00 1.371635436477188330e+00 1.382848556835285958e+00 1.394049320798552705e+00 1.405238097385782092e+00 1.416415244323637745e+00 1.427581108479513361e+00 1.438736026273609525e+00 1.449880324071429305e+00 1.461014318557826597e+00 1.472138317093633519e+00 1.483252618055868055e+00 1.494357511162418772e+00 1.505453277782070165e+00 1.516540191230660861e+00 1.527618517054136982e+00 1.538688513299176552e+00 1.549750430772077525e+00 1.560804513286487616e+00 1.571850997900589464e+00 1.582890115144260923e+00 1.593922089236732287e+00 1.604947138295216291e+00 1.615965474534972524e+00 1.626977304461214358e+00 1.637982829053277856e+00 1.648982243941418346e+00 1.659975739576594389e+00 1.670963501393577744e+00 1.681945709967701319e+00 1.692922541165551076e+00 1.703894166289878775e+00 1.714860752219006246e+00 1.725822461540976294e+00 1.736779452682683189e+00 1.747731880034216312e+00 1.758679894068630567e+00 1.769623641457337859e+00 1.780563265181330124e+00 1.791498904638396672e+00 1.802430695746524814e+00 1.813358771043642514e+00 1.824283259783852973e+00 1.835204288030327424e+00 1.846121978744974523e+00 1.857036451875040406e+00 1.867947824436751336e+00
4.212951818289680239e-01 4.395641324988269205e-01 4.574175006116401043e-01 4.748979033471582012e-01 4.920414634353020844e-01 5.088791091830600077e-01 5.254375583374294445e-01 5.417400749164625884e-01 5.578070598929243396e-01 5.736565182174280242e-01 5.893044324000589196e-01 6.047650645150284276e-01 6.200512026946572997e-01 6.351743640853182438e-01 6.501449633019661389e-01 6.649724532835563640e-01 6.796654438759994754e-01 6.942318022977281844e-01 7.086787387562394347e-01 7.230128798100288190e-01 7.372403315513263999e-01 7.513667342822955009e-01 7.653973100421319620e-01 7.793369040938926684e-01 7.931900212823288498e-01 8.069608580159766120e-01 8.206533304995089484e-01 8.342710997392813743e-01 8.478175937610044066e-01 8.612960274096845836e-01 8.747094200453051638e-01 8.880606114008785523e-01 9.013522758302033866e-01 9.145869351411638482e-01 9.277669701811260827e-01 9.408946313202708467e-01 9.539720479576763168e-01 9.670012371591322209e-01 9.799841115215044418e-01 9.929224863464964912e-01 1.005818086196335948e+00 1.018672550895234785e+00 1.031487441032526542e+00 1.044264243017258842e+00 1.057004373727887803e+00 1.069709184796008294e+00 1.082379966558638440e+00 1.095017951709805981e+00 1.107624318678875897e+00 1.120200194760156087e+00 1.132746659015752666e+00 1.145264744971394411e+00 1.157755443122953531e+00 1.170219703269629319e+00 1.182658436688095005e+00 1.195072518161129471e+00 1.207462787871328436e+00 1.219830053172014983e+00 1.232175090244008953e+00 1.244498645647439838e+00 1.256801437776540853e+00 1.269084158224727865e+00 1.281347473066612563e+00 1.293592024063038082e+00 1.305818429794696423e+00 1.318027286729418934e+00 1.330219170227824099e+00 1.342394635491592325e+00 1.354554218458327242e+00 1.366698436646613724e+00 1.378827789954618410e+00 1.390942761415309592e+00 1.403043817911133528e+00 1.415131410850772653e+00 1.427205976810409949e+00 1.439267938141743697e+00 1.451317703548829163e+00 1.463355668635678786e+00 1.475382216426403881e+00 1.487397717859560542e+00 1.499402532258244714e+00 1.511397007777368406e+00 1.523381481829453099e+00 1.535356281490189323e+00 1.547321723884919065e+00 1.559278116557124783e+00 1.571225757819940227e+00 1.583164937091615210e+00 1.595095935215835370e+00 1.607019024767707194e+00 1.618934470346194976e+00 1.630842528853723161e+00 1.642743449763630403e+00 1.654637475376113276e+00 1.666524841063255380e+00 1.678405775503700958e+00 1.690280500907509031e+00 1.702149233231676329e+00 1.714012182386805305e+00 1.725869552435345788e+00 1.737721541781833023e+00 1.749568343355513589e+00 1.761410144785714893e+00 1.773247128570325959e+00 1.785079472237695253e+00 1.796907348502273072e+00 1.808730925414278490e+00 1.820550366503674189e+00 1.832365830918711636e+00 1.844177473559285296e+00 1.855985445205341700e+00 1.867789892640555838e+00 1.879590958771488740e+00 1.891388782742428942e+00 1.903183500046097709e+00 1.914975242630407415e+00 1.926764139001436504e+00 1.938550314322781798e+00 1.950333890511450896e+00 1.962114986330425692e+00 1.973893717478051535e+00 1.985670196674369503e+00
4.401062407262389398e-01 4.593282778556184165e-01 4.781231537665899256e-01 4.965349634224067721e-01 5.146010759291638204e-01 5.323534813043384606e-01 5.498198096553476022e-01 5.670241151320098982e-01 5.839874877426912692e-01 6.007285370582564621e-01 6.172637791150602515e-01 6.336079491709872835e-01 6.497742569600165607e-01 6.657745968500451417e-01 6.816197222649269527e-01 6.973193915214014327e-01 7.128824905995827521e-01 7.283171371502109581e-01 7.436307691246477614e-01 7.588302207148119871e-01 7.739217877526755052e-01 7.889112843017409560e-01 8.038040918463758011e-01 8.186052022273544448e-01 8.333192552673356346e-01 8.479505718663199465e-01 8.625031832153347011e-01 8.769808566699321961e-01 8.913871187373713090e-01 9.057252755625033735e-01 9.199984312342055492e-01 9.342095041907876318e-01 9.483612419588192122e-01 9.624562344275909842e-01 9.764969258328596302e-01 9.904856255997679382e-01 1.004424518174539482e+00 1.018315671958073487e+00 1.032161047438846069e+00 1.045962504611609667e+00 1.059721809756542177e+00 1.073440641644956672e+00 1.087120597229632502e+00 1.100763196871022531e+00 1.114369889144693815e+00 1.127942055270203081e+00 1.141481013197148453e+00 1.154988021380213503e+00 1.168464282271590715e+00 1.181910945556092551e+00 1.195329111152128476e+00 1.208719831997922212e+00 1.222084116642575102e+00 1.235422931657609524e+00 1.248737203884214608e+00 1.262027822529596222e+00 1.275295641124615242e+00 1.288541479353731978e+00 1.301766124767287591e+00 1.314970334385200390e+00 1.328154836200372557e+00 1.341320330589349075e+00 1.354467491637101340e+00 1.367596968382246425e+00 1.380709385988430515e+00 1.393805346847168503e+00 1.406885431616945237e+00 1.419950200203039303e+00 1.433000192682120977e+00 1.446035930175381123e+00 1.459057915673652284e+00 1.472066634817679631e+00 1.485062556636503661e+00 1.498046134246649341e+00 1.511017805514634382e+00 1.523977993685114996e+00 1.536927107976819418e+00 1.549865544148260721e+00 1.562793685035074098e+00 1.575711901060698805e+00 1.588620550721995484e+00 1.601519981051288344e+00 1.614410528056204885e+00 1.627292517138609229e+00 1.640166263493817445e+00 1.653032072491225302e+00 1.665890240037385173e+00 1.678741052922509081e+00 1.691584789151315382e+00 1.704421718259067742e+00 1.717252101613608417e+00 1.730076192704134375e+00 1.742894237417417225e+00 1.755706474302128450e+00 1.768513134821883881e+00 1.781314443597591612e+00 1.794110618639650045e+00 1.806901871570499196e+00 1.819688407838027766e+00 1.832470426920263851e+00 1.845248122521804479e+00 1.858021682762364568e+00 1.870791290357840975e+00 1.883557122794243366e+00 1.896319352494830524e+00 1.909078146980775825e+00 1.921833669025658997e+00 1.934586076804072352e+00 1.947335524034617737e+00 1.960082160117530226e+00 1.972826130267198330e+00 1.985567575639787252e+00 1.998306633456189640e+00 2.011043437120517474e+00 2.023778116334312482e+00 2.036510797206680490e+00 2.049241602360513337e+00 2.061970651034961133e+00 2.074698059184328258e+00 2.087423939573532117e+00 2.100148401870271186e+00 2.112871552734036040e+00
4.598609249840757696e-01 4.800970933544577157e-01 4.998947112458472786e-01 5.192993849695921593e-01 5.383497572049020796e-01 5.570789018510970969e-01 5.755153795277974105e-01 5.936840494153100556e-01 6.116067027957903246e-01 6.293025639020777273e-01 6.467886905094600847e-01 6.640802977378043037e-01 6.811910223047368262e-01 6.981331400789050345e-01 7.149177466294939221e-01 7.315549081770033046e-01 7.480537886612567133e-01 7.644227573829864841e-01 7.806694807254423996e-01 7.968010007386961968e-01 8.128238028125562842e-01 8.287438742319245266e-01 8.445667550702531390e-01 8.602975826100555112e-01 8.759411302676404221e-01 8.915018418289905044e-01 9.069838616696872524e-01 9.223910615166438509e-01 9.377270642246154919e-01 9.529952649629493955e-01 9.681988501488074661e-01 9.833408144125332928e-01 9.984239758390537345e-01 1.013450989694306248e+00 1.028424360816417860e+00 1.043346454826729719e+00 1.058219508294931055e+00 1.073045637974904043e+00 1.087826849212844449e+00 1.102565043616368312e+00 1.117262026062318059e+00 1.131919511111508347e+00 1.146539128890500914e+00 1.161122430493433555e+00 1.175670892950827717e+00 1.190185923806854840e+00 1.204668865342586548e+00 1.219120998476883821e+00 1.233543546375821531e+00 1.247937677795842193e+00 1.262304510184549144e+00 1.276645112560169881e+00 1.290960508188664591e+00 1.305251677075552674e+00 1.319519558287857608e+00 1.333765052120090555e+00 1.347989022116855340e+00 1.362192296963485649e+00 1.376375672255066185e+00 1.390539912153241131e+00 1.404685750939372868e+00 1.418813894471849801e+00 1.432925021554663614e+00 1.447019785223746746e+00 1.461098813957032005e+00 1.475162712813668175e+00 1.489212064507385858e+00 1.503247430418603203e+00 1.517269351549474177e+00 1.531278349425761354e+00 1.545274926949087524e+00 1.559259569202871232e+00 1.573232744214964729e+00 1.587194903679803648e+00 1.601146483642658991e+00 1.615087905148386627e+00 1.629019574856895192e+00 1.642941885627386966e+00 1.656855217073290198e+00 1.670759936089644793e+00 1.684656397354595603e+00 1.698544943806526986e+00 1.712425907098259259e+00 1.726299608029641997e+00 1.740166356959782945e+00 1.754026454200059648e+00 1.767880190389009343e+00 1.781727846850087005e+00 1.795569695933245447e+00 1.809406001341225201e+00 1.823237018441358881e+00 1.837062994563685825e+00 1.850884169286089787e+00 1.864700774707144904e+00 1.878513035707303658e+00 1.892321170199033897e+00 1.906125389366461587e+00 1.919925897895048195e+00 1.933722894191815422e+00 1.947516570596563135e+00 1.961307113584544570e+00 1.975094703961002285e+00 1.988879517047961176e+00 2.002661722863651850e+00 2.016441486294909602e+00 2.030218967262881424e+00 2.043994320882355886e+00 2.057767697615001001e+00 2.071539243416806286e+00 2.085309099879974148e+00 2.099077404369524391e+00 2.112844290154840543e+00 2.126609886536383609e+00 2.140374318967794842e+00 2.154137709173571835e+00 2.167900175262523987e+00 2.181661831837186316e+00 2.195422790099352373e+00 2.209183157951911003e+00 2.222943040097120182e+00 2.236702538131484452e+00 2.250461750637362979e+00
4.806178213306174785e-01 5.019342155851937992e-01 5.228009557737511859e-01 5.432651911966500657e-01 5.633668634240615036e-01 5.831401505735077651e-01 6.026145601361089232e-01 6.218157694693117188e-01 6.407662816528905125e-01 6.594859439447484650e-01 6.779923624267141236e-01 6.963012371443040305e-01 7.144266355949364655e-01 7.323812178689451668e-01 7.501764234841606926e-01 7.678226275812818358e-01 7.853292723982561174e-01 8.027049786375038964e-01 8.199576403561745774e-01 8.370945062601847786e-01 8.541222497063185592e-01 8.710470292692722438e-01 8.878745413804446374e-01 9.046100662688925098e-01 9.212585082163988748e-01 9.378244309614073293e-01 9.543120889473232227e-01 9.707254549947788025e-01 9.870682448848604462e-01 1.003343939263789064e+00 1.019555803216686707e+00 1.035706903806006718e+00 1.051800125826983567e+00 1.067838185996312417e+00 1.083823645760013443e+00 1.099758922880909484e+00 1.115646301944626329e+00 1.131487943904721405e+00 1.147285894771995496e+00 1.163042093539755850e+00 1.178758379425392189e+00 1.194436498498755661e+00 1.210078109760030163e+00 1.225684790720673378e+00 1.241258042537492612e+00 1.256799294741792306e+00 1.272309909602216793e+00 1.287791186155252232e+00 1.303244363933750538e+00 1.318670626420619829e+00 1.334071104251992823e+00 1.349446878191675747e+00 1.364798981896500063e+00 1.380128404490213567e+00 1.395436092961845009e+00 1.410722954402916063e+00 1.425989858096516683e+00 1.441237637470029975e+00 1.456467091922209134e+00 1.471678988534325327e+00 1.486874063674229696e+00 1.502053024501399436e+00 1.517216550380307005e+00 1.532365294208847040e+00 1.547499883667952769e+00 1.562620922398030299e+00 1.577728991107378853e+00 1.592824648617316541e+00 1.607908432848376368e+00 1.622980861751563531e+00 1.638042434188364815e+00 1.653093630762906274e+00 1.668134914609387565e+00 1.683166732137694410e+00 1.698189513739863266e+00 1.713203674459866210e+00 1.728209614629025337e+00 1.743207720469159838e+00 1.758198364665464641e+00 1.773181906910923145e+00 1.788158694423982453e+00 1.803129062441052310e+00 1.818093334685316975e+00 1.833051823813221182e+00 1.848004831839918705e+00 1.862952650544870137e+00 1.877895561858706097e+00 1.892833838232401700e+00 1.907767742989730841e+00 1.922697530663910914e+00 1.937623447319295034e+00 1.952545730858905593e+00 1.967464611318562095e+00 1.982380311148302932e+00 1.997293045481760787e+00 2.012203022394116303e+00 2.027110443149201746e+00 2.042015502436306029e+00 2.056918388597205549e+00 2.071819283843894244e+00 2.086718364467464504e+00 2.101615801038587694e+00 2.116511758599984638e+00 2.131406396851272422e+00 2.146299870326555226e+00 2.161192328565082477e+00 2.176083916275329155e+00 2.190974773492761152e+00 2.205865035731614299e+00 2.220754834130924671e+00 2.235644295595100139e+00 2.250533542929251674e+00 2.265422694969531303e+00 2.280311866708689017e+00 2.295201169417066644e+00 2.310090710759210797e+00 2.324980594906304709e+00 2.339870922644598394e+00 2.354761791479991206e+00 2.369653295738949783e+00 2.384545526665894144e+00 2.399438572517210488e+00
5.024404130306814320e-01 5.249087086167697480e-01 5.469166447541827791e-01 5.685129428484331227e-01 5.897388662317093466e-01 6.106297152011119778e-01 6.312159581693812527e-01 6.515241015683552739e-01 6.715773686057717740e-01 6.913962357835794492e-01 7.109988619597731319e-01 7.304014351143166550e-01 7.496184553047254839e-01 7.686629675843004161e-01 7.875467552771139301e-01 8.062805015463913039e-01 8.248739253821791850e-01 8.433358967837942810e-01 8.616745348942647098e-01 8.798972920682240906e-01 8.980110262575220492e-01 9.160220636373023195e-01 9.339362530298918053e-01 9.517590134015887493e-01 9.694953754778400379e-01 9.871500183417732943e-01 1.004727301734643197e+00 1.022231294658320744e+00 1.039665800783484251e+00 1.057034381088163277e+00 1.074340374086202532e+00 1.091586913951391624e+00 1.108776946798258889e+00 1.125913245343151070e+00 1.142998422137899039e+00 1.160034941541995268e+00 1.177025130576906164e+00 1.193971188787152693e+00 1.210875197217277099e+00 1.227739126598458075e+00 1.244564844829222139e+00 1.261354123822291617e+00 1.278108645782154884e+00 1.294830008969994450e+00 1.311519733006130561e+00 1.328179263754426298e+00 1.344809977828178127e+00 1.361413186752643556e+00 1.377990140815600562e+00 1.394542032633982576e+00 1.411070000461714269e+00 1.427575131261282770e+00 1.444058463559312555e+00 1.460520990104378081e+00 1.476963660343502571e+00 1.493387382732212387e+00 1.509793026891578238e+00 1.526181425624430155e+00 1.542553376801794274e+00 1.558909645129598953e+00 1.575250963804782467e+00 1.591578036069130508e+00 1.607891536668439647e+00 1.624192113223943856e+00 1.640480387522355255e+00 1.656756956730319308e+00 1.673022394538625335e+00 1.689277252241049521e+00 1.705522059752333730e+00 1.721757326569423263e+00 1.737983542679775617e+00 1.754201179420245893e+00 1.770410690289777822e+00 1.786612511718902452e+00 1.802807063798794074e+00 1.818994750972447116e+00 1.835175962690341889e+00 1.851351074032786981e+00 1.867520446300983794e+00 1.883684427578697029e+00 1.899843353266289947e+00 1.915997546588759315e+00 1.932147319079292380e+00 1.948292971039757848e+00 1.964434791979458472e+00 1.980573061033374493e+00 1.996708047361045013e+00 2.012840010527172208e+00 2.028969200864938482e+00 2.045095859822996687e+00 2.061220220296994476e+00 2.077342506946468159e+00 2.093462936497879845e+00 2.109581718034519326e+00 2.125699053273952366e+00 2.141815136833656208e+00 2.157930156485440509e+00 2.174044293399226557e+00 2.190157722376704363e+00 2.206270612075378335e+00 2.222383125223464262e+00 2.238495418826116357e+00 2.254607644363297858e+00 2.270719947979872977e+00 2.286832470668103134e+00 2.302945348443024454e+00 2.319058712510983167e+00 2.335172689431673998e+00 2.351287401273948419e+00 2.367402965765708966e+00 2.383519496438128549e+00 2.399637102764460295e+00 2.415755890293674657e+00 2.431875960779156909e+00 2.447997412302668430e+00 2.464120339393787162e+00 2.480244833145013317e+00 2.496370981322733495e+00 2.512498868474209779e+00 2.528628576030762076e+00 2.544760182407308058e+00 2.560893763098403664e+00
5.253976264972746169e-01 5.490956773575227379e-01 5.723231927039190703e-01 5.951304919019505535e-01 6.175601797718603958e-01 6.396486937099455927e-01 6.614274741516512623e-01 6.829238646347606245e-01 7.041618140329591879e-01 7.251624315876106230e-01 7.459444307399368812e-01 7.665244878064813028e-01 7.869175346301807705e-01 8.071369994612380694e-01 8.271950068244768861e-01 8.471025445862427894e-01 8.668696045597581445e-01 8.865053015902570888e-01 9.060179750071268856e-01 9.254152755282928355e-01 9.447042400828770115e-01 9.638913565409736872e-01 9.829826199629176919e-01 1.001983581685370828e+00 1.020899392326508837e+00 1.039734839604713468e+00 1.058494381713913413e+00 1.077182176876224862e+00 1.095802109592732609e+00 1.114357814031519789e+00 1.132852694924752157e+00 1.151289946290936284e+00 1.169672568252197786e+00 1.188003382177707179e+00 1.206285044352408464e+00 1.224520058341764805e+00 1.242710786201961959e+00 1.260859458663814214e+00 1.278968184402896169e+00 1.297038958493917038e+00 1.315073670135212369e+00 1.333074109718768163e+00 1.351041975312151644e+00 1.368978878610941141e+00 1.386886350413463198e+00 1.404765845663778379e+00 1.422618748103731123e+00 1.440446374570393484e+00 1.458249978971329686e+00 1.476030755966646790e+00 1.493789844383795140e+00 1.511528330388386188e+00 1.529247250431963856e+00 1.546947593995563919e+00 1.564630306146050032e+00 1.582296289920577026e+00 1.599946408553060362e+00 1.617581487555222575e+00 1.635202316663646904e+00 1.652809651663188051e+00 1.670404216096186722e+00 1.687986702866083766e+00 1.705557775743268945e+00 1.723118070780337074e+00 1.740668197643297610e+00 1.758208740864737996e+00 1.775740261024442601e+00 1.793263295862511431e+00 1.810778361329617114e+00 1.828285952578672990e+00 1.845786544901827142e+00 1.863280594616412822e+00 1.880768539903194592e+00 1.898250801599990156e+00 1.915727783953522723e+00 1.933199875332146211e+00 1.950667448901881373e+00 1.968130863268026332e+00 1.985590463084456969e+00 2.003046579632551616e+00 2.020499531371562796e+00 2.037949624462124021e+00 2.055397153264458154e+00 2.072842400812753283e+00 2.090285639267063011e+00 2.107727130344017041e+00 2.125167125727513540e+00 2.142605867460519509e+00 2.160043588319000119e+00 2.177480512168967319e+00 2.194916854307537690e+00 2.212352821788865054e+00 2.229788613735740554e+00 2.247224421637612934e+00 2.264660429635723560e+00 2.282096814796032547e+00 2.299533747370540837e+00 2.316971391047596640e+00 2.334409903191748459e+00 2.351849435073641637e+00 2.369290132090457135e+00 2.386732133977352621e+00 2.404175575010338406e+00 2.421620584200985693e+00 2.439067285483376146e+00 2.456515797893631614e+00 2.473966235742387276e+00 2.491418708780523072e+00 2.508873322358473157e+00 2.526330177579379832e+00 2.543789371446412151e+00 2.561250997004456575e+00 2.578715143476475014e+00 2.596181896394736732e+00 2.613651337727157742e+00 2.631123545998954594e+00 2.648598596409823092e+00 2.666076560946822216e+00 2.683557508493141341e+00 2.701041504932947479e+00 2.718528613252440884e+00 2.736018893637307325e+00
5.495644530212288048e-01 5.745769653899750473e-01 5.991094477840409604e-01 6.232138392155056605e-01 6.469341017100890268e-01 6.703078208153157025e-01 6.933674163450133099e-01 7.161410733384728777e-01 7.386534683357007802e-01 7.609263433624121609e-01 7.829789648793932244e-01 8.048284946437089804e-01 8.264902922774768346e-01 8.479781642917916251e-01 8.693045706941727735e-01 8.904807976759121502e-01 9.115171029363572375e-01 9.324228387557074171e-01 9.532065568364630481e-01 9.738760981044355391e-01 9.944386700203823315e-01 1.014900913458086196e+00 1.035268960816744466e+00 1.055548486729620539e+00 1.075744752488037470e+00 1.095862645105404765e+00 1.115906711789578454e+00 1.135881190465165336e+00 1.155790036884172922e+00 1.175636948778887581e+00 1.195425387441203746e+00 1.215158597055535417e+00 1.234839622063279796e+00 1.254471322798841326e+00 1.274056389601900152e+00 1.293597355583439024e+00 1.313096608198875970e+00 1.332556399761506416e+00 1.351978857012238411e+00 1.371365989846929256e+00 1.390719699290026590e+00 1.410041784792417152e+00 1.429333950922045515e+00 1.448597813507808363e+00 1.467834905290245517e+00 1.487046681126462433e+00 1.506234522791440877e+00 1.525399743413249354e+00 1.544543591575637587e+00 1.563667255117925592e+00 1.582771864658989447e+00 1.601858496869375204e+00 1.620928177513139889e+00 1.639981884278887359e+00 1.659020549417508761e+00 1.678045062202500493e+00 1.697056271227160629e+00 1.716054986551665884e+00 1.735041981711802350e+00 1.754017995600051893e+00 1.772983734228772423e+00 1.791939872384345156e+00 1.810887055180387728e+00 1.829825899517412591e+00 1.848756995455713703e+00 1.867680907507645482e+00 1.886598175855000337e+00 1.905509317496665744e+00 1.924414827331370592e+00 1.943315179179905927e+00 1.962210826750880877e+00 1.981102204553754742e+00 1.999989728762580743e+00 2.018873798033659295e+00 2.037754794280031145e+00 2.056633083405542628e+00 2.075509016001002127e+00 2.094382928004769440e+00 2.113255141329936748e+00 2.132125964460135137e+00 2.150995693015818055e+00 2.169864610292777662e+00 2.188732987774509198e+00 2.207601085619948833e+00 2.226469153127935474e+00 2.245337429179819821e+00 2.264206142661332688e+00 2.283075512864928491e+00 2.301945749873649749e+00 2.320817054927530876e+00 2.339689620773463652e+00 2.358563631999416543e+00 2.377439265353829434e+00 2.396316690050958709e+00 2.415196068062895218e+00 2.434077554398953236e+00 2.452961297373039695e+00 2.471847438859654744e+00 2.490736114539044532e+00 2.509627454132074220e+00 2.528521581625308379e+00 2.547418615486781501e+00 2.566318668872904940e+00 2.585221849826928153e+00 2.604128261469365491e+00 2.623038002180754891e+00 2.641951165777103760e+00 2.660867841678377310e+00 2.679788115070320664e+00 2.698712067059946040e+00 2.717639774824944343e+00 2.736571311757313829e+00 2.755506747601447426e+00 2.774446148586934946e+00 2.793389577556296022e+00 2.812337094087885347e+00 2.831288754614150083e+00 2.850244612535467681e+00 2.869204718329726234e+00 2.888169119657843620e+00 2.907137861465389328e+00 2.926110986080469267e+00
5.750226572974574957e-01 6.014419503034450498e-01 6.273725768006429560e-01 6.528681118433828923e-01 6.779738853005493615e-01 7.027286370236220936e-01 7.271657688217498805e-01 7.513143070324443951e-01 7.751996533883548368e-01 7.988441783827371356e-01 8.222676956721824970e-01 8.454878453910078528e-01 8.685204068526432009e-01 8.913795558909570760e-01 9.140780783503400508e-01 9.366275485112955934e-01 9.590384792315025386e-01 9.813204490878534303e-01 1.003482210676445163e+00 1.025531783368904382e+00 1.047476533162726930e+00 1.069323241750701703e+00 1.091078166533438809e+00 1.112747092982768526e+00 1.134335380512575986e+00 1.155848002812755349e+00 1.177289583440237486e+00 1.198664427330025539e+00 1.219976548782949699e+00 1.241229696398241433e+00 1.262427375348983860e+00 1.283572867337292811e+00 1.304669248517550173e+00 1.325719405634463000e+00 1.346726050588122225e+00 1.367691733609122551e+00 1.388618855202164548e+00 1.409509676995696736e+00 1.430366331617369591e+00 1.451190831699911143e+00 1.471985078109012912e+00 1.492750867473659149e+00 1.513489899089686341e+00 1.534203781259035448e+00 1.554894037119946004e+00 1.575562110017058481e+00 1.596209368454943212e+00 1.616837110673764011e+00 1.637446568881647746e+00 1.658038913174622486e+00 1.678615255171785892e+00 1.699176651390502002e+00 1.719724106383928142e+00 1.740258575660937890e+00 1.760780968406533864e+00 1.781292150019106124e+00 1.801792944479314373e+00 1.822284136563987467e+00 1.842766473917208270e+00 1.863240668989608162e+00 1.883707400855936243e+00 1.904167316920043929e+00 1.924621034515645368e+00 1.945069142410476681e+00 1.965512202220834892e+00 1.985950749742877441e+00 2.006385296206551594e+00 2.026816329457509891e+00 2.047244315071975684e+00 2.067669697409076690e+00 2.088092900604845870e+00 2.108514329511739671e+00 2.128934370587232117e+00 2.149353392734774104e+00 2.169771748100146169e+00 2.190189772826043768e+00 2.210607787767434385e+00 2.231026099170204446e+00 2.251444999315228124e+00 2.271864767130011398e+00 2.292285668769812546e+00 2.312707958170046485e+00 2.333131877571650303e+00 2.353557658020960730e+00 2.373985519845572600e+00 2.394415673107522569e+00 2.414848318035075270e+00 2.435283645434290989e+00 2.455721837081485504e+00 2.476163066097624821e+00 2.496607497305611822e+00 2.517055287571390743e+00 2.537506586129717245e+00 2.557961534895384137e+00 2.578420268760681644e+00 2.598882915879767719e+00 2.619349597940636709e+00 2.639820430425293463e+00 2.660295522858740824e+00 2.680774979047318762e+00 2.701258897306919593e+00 2.721747370681578015e+00 2.742240487152896034e+00 2.762738329840742857e+00 2.783240977195643229e+00 2.803748503183239205e+00 2.824260977461214406e+00 2.844778465549000934e+00 2.865301028990632659e+00 2.885828725511027759e+00 2.906361609166022930e+00 2.926899730486424378e+00 2.947443136616344717e+00 2.967991871446092222e+00 2.988545975739826943e+00 3.009105487258240341e+00 3.029670440876453874e+00 3.050240868697348784e+00 3.070816800160528715e+00 3.091398262147091458e+00 3.111985279080393241e+00 3.132577873022972081e+00
6.018615863302679836e-01 6.297884516179734771e-01 6.572190752672424363e-01 6.842086780838920745e-01 7.108039619985102586e-01 7.370448211326123822e-01 7.629656359215983841e-01 7.885962679895955896e-01 8.139628361379568355e-01 8.390883295027030675e-01 8.639930977339231877e-01 8.886952470202630350e-01 9.132109631290860063e-01 9.375547772325828477e-01 9.617397864172867461e-01 9.857778379605371954e-01 1.009679684382394083e+00 1.033455114735715386e+00 1.057113066430789283e+00 1.080661721003630005e+00 1.104108586553209204e+00 1.127460569043781335e+00 1.150724034253517436e+00 1.173904861823934276e+00 1.197008492604898944e+00 1.220039970282774444e+00 1.243003978111129060e+00 1.265904871429641698e+00 1.288746706545227605e+00 1.311533266459903979e+00 1.334268083855370657e+00 1.356954461682851054e+00 1.379595491655650319e+00 1.402194070899240863e+00 1.424752916977944484e+00 1.447274581487167699e+00 1.469761462374749694e+00 1.492215815133391521e+00 1.514639762987807226e+00 1.537035306184542760e+00 1.559404330479009282e+00 1.581748614902717565e+00 1.604069838883763532e+00 1.626369588785032239e+00 1.648649363917103594e+00 1.670910582076409634e+00 1.693154584653514760e+00 1.715382641351482329e+00 1.737595954549968180e+00 1.759795663346896966e+00 1.781982847306249340e+00 1.804158529937545996e+00 1.826323681930026144e+00 1.848479224162228984e+00 1.870626030505636139e+00 1.892764930439248205e+00 1.914896711490340353e+00 1.937022121515210582e+00 1.959141870832478594e+00 1.981256634220298851e+00 2.003367052787873970e+00 2.025473735730706437e+00 2.047577261978200891e+00 2.069678181741486434e+00 2.091777017968670105e+00 2.113874267714089150e+00 2.135970403427633890e+00 2.158065874169657672e+00 2.180161106756604905e+00 2.202256506842011241e+00 2.224352459937223525e+00 2.246449332375797692e+00 2.268547472225266315e+00 2.290647210149652224e+00 2.312748860225876335e+00 2.334852720716966257e+00 2.356959074804739984e+00 2.379068191284474665e+00 2.401180325223869705e+00 2.423295718588447389e+00 2.445414600835401853e+00 2.467537189477745141e+00 2.489663690620489422e+00 2.511794299470469838e+00 2.533929200821327665e+00 2.556068569515040245e+00 2.578212570881325494e+00 2.600361361156136919e+00 2.622515087880397555e+00 2.644673890280058171e+00 2.666837899628466957e+00 2.689007239592005938e+00 2.711182026559878278e+00 2.733362369958866278e+00 2.755548372553859426e+00 2.777740130734856816e+00 2.799937734791163813e+00 2.822141269173401579e+00 2.844350812743969836e+00 2.866566439016504209e+00 2.888788216384905905e+00 2.911016208342418921e+00 2.933250473691268567e+00 2.955491066743293871e+00 2.977738037512015712e+00 2.999991431896543048e+00 3.022251291857700917e+00 3.044517655586743921e+00 3.066790557667005146e+00 3.089070029228794478e+00 3.111356098097865619e+00 3.133648788937737351e+00 3.155948123386149717e+00 3.178254120185920684e+00 3.200566795310446633e+00 3.222886162084086958e+00 3.245212231297657013e+00 3.267545011319248793e+00 3.289884508200570767e+00 3.312230725779017781e+00 3.334583665775631811e+00 3.356943327889153839e+00
6.301790944943576056e-01 6.597237687565976616e-01 6.887659216325853206e-01 7.173624209564007925e-01 7.455613368440113797e-01 7.734037098471150395e-01 8.009248881048961488e-01 8.281555551860038111e-01 8.551225317054937936e-01 8.818494086669255161e-01 9.083570537264162859e-01 9.346640201721742036e-01 9.607868804997311551e-01 9.867405008818456169e-01 1.012538268828095278e+00 1.038192283419913986e+00 1.063713515362973094e+00 1.089111942500596841e+00 1.114396665227058492e+00 1.139576005321934593e+00 1.164657591021004412e+00 1.189648430591716100e+00 1.214554976252819163e+00 1.239383179940669377e+00 1.264138542154981559e+00 1.288826154904624488e+00 1.313450739599386852e+00 1.338016680594998453e+00 1.362528054984504911e+00 1.386988659135927282e+00 1.411402032399409867e+00 1.435771478343572882e+00 1.460100083828065998e+00 1.484390736175272396e+00 1.508646138667206316e+00 1.532868824562593657e+00 1.557061169802873790e+00 1.581225404553600500e+00 1.605363623708781384e+00 1.629477796469535944e+00 1.653569775094575034e+00 1.677641302908111420e+00 1.701694021640556276e+00 1.725729478168474662e+00 1.749749130712594081e+00 1.773754354545977741e+00 1.797746447258651514e+00 1.821726633619896507e+00 1.845696070074962059e+00 1.869655848909049567e+00 1.893607002107985382e+00 1.917550504941975875e+00 1.941487279296154167e+00 1.965418196769279202e+00 1.989344081559828226e+00 2.013265713156887848e+00 2.037183828851556910e+00 2.061099126083130173e+00 2.085012264632987833e+00 2.108923868677940572e+00 2.132834528713726474e+00 2.156744803358420448e+00 2.180655221044577541e+00 2.204566281608352885e+00 2.228478457782901767e+00 2.252392196602942764e+00 2.276307920726687417e+00 2.300226029680883411e+00 2.324146901034213286e+00 2.348070891503913238e+00 2.371998338000051110e+00 2.395929558611593180e+00 2.419864853538039817e+00 2.443804505970153862e+00 2.467748782923005368e+00 2.491697936024351190e+00 2.515652202261118298e+00 2.539611804686579877e+00 2.563576953090612953e+00 2.587547844635259331e+00 2.611524664457668621e+00 2.635507586242335165e+00 2.659496772764432748e+00 2.683492376405906654e+00 2.707494539645899589e+00 2.731503395526940992e+00 2.755519068098285285e+00 2.779541672837654520e+00 2.803571317052574674e+00 2.827608100262433588e+00 2.851652114562279294e+00 2.875703444969365474e+00 2.899762169753338448e+00 2.923828360750933442e+00 2.947902083666002593e+00 2.971983398355613648e+00 2.996072359102952998e+00 3.020169014877689850e+00 3.044273409584458356e+00 3.068385582300027004e+00 3.092505567499739705e+00 3.116633395273751717e+00 3.140769091533559543e+00 3.164912678209301777e+00 3.189064173438274530e+00 3.213223591745092644e+00 3.237390944213877297e+00 3.261566238652870542e+00 3.285749479751817859e+00 3.309940669232466881e+00 3.334139805992492711e+00 3.358346886243171348e+00 3.382561903641065904e+00 3.406784849414025818e+00 3.431015712481732205e+00 3.455254479571054027e+00 3.479501135326446004e+00 3.503755662415597882e+00 3.528018041630567758e+00 3.552288251984579759e+00 3.576566270804689029e+00 3.600852073820496102e+00
6.600826030392742405e-01 6.913658691981393600e-01 7.221418975790119266e-01 7.524691936990741681e-01 7.823971817788555327e-01 8.119680311162014164e-01 8.412180371027963011e-01 8.701786826613003845e-01 8.988774659695061287e-01 9.273385543585885848e-01 9.555833069523788081e-01 9.836306968326194999e-01 1.011497655335290347e+00 1.039199355314898821e+00 1.066749446077605690e+00 1.094160249677300412e+00 1.121442926053983768e+00 1.148607612842698300e+00 1.175663544436622132e+00 1.202619153940038377e+00 1.229482160917889200e+00 1.256259647283920700e+00 1.282958123225174774e+00 1.309583584714741678e+00 1.336141563885166139e+00 1.362637173314884098e+00 1.389075145101444919e+00 1.415459865451010879e+00 1.441795405396145480e+00 1.468085548157664233e+00 1.494333813587130244e+00 1.520543480061084640e+00 1.546717604143649449e+00 1.572859038288728195e+00 1.598970446814936164e+00 1.625054320354352821e+00 1.651112988949092308e+00 1.677148633946760281e+00 1.703163298826295025e+00 1.729158899069035860e+00 1.755137231175558865e+00 1.781099980916540870e+00 1.807048730895344457e+00 1.832984967490860040e+00 1.858910087241212317e+00 1.884825402722072329e+00 1.910732147967282746e+00 1.936631483474295479e+00 1.962524500832312890e+00 1.988412227007005040e+00 2.014295628312139819e+00 2.040175614095327550e+00 2.066053040162347809e+00 2.091928711962072640e+00 2.117803387551838945e+00 2.143677780361228358e+00 2.169552561770426102e+00 2.195428363517951009e+00 2.221305779951022519e+00 2.247185370130722948e+00 2.273067659802997298e+00 2.298953143245536346e+00 2.324842284999716568e+00 2.350735521496007063e+00 2.376633262580479578e+00 2.402535892949482665e+00 2.428443773498906832e+00 2.454357242593957711e+00 2.480276617264892902e+00 2.506202194333706945e+00 2.532134251476394926e+00 2.558073048225037560e+00 2.584018826913634825e+00 2.609971813571322130e+00 2.635932218766321000e+00 2.661900238403732910e+00 2.687876054480053511e+00 2.713859835797087339e+00 2.739851738637738343e+00 2.765851907405973531e+00 2.791860475233121530e+00 2.817877564552485836e+00 2.843903287644141020e+00 2.869937747151637186e+00 2.895981036572244260e+00 2.922033240722225145e+00 2.948094436178569921e+00 2.974164691698499841e+00 3.000244068617972104e+00 3.026332621230356512e+00 3.052430397146352448e+00 3.078537437636170271e+00 3.104653777954933247e+00 3.130779447652181080e+00 3.156914470866336586e+00 3.183058866604913106e+00 3.209212649011199847e+00 3.235375827618147682e+00 3.261548407590089127e+00 3.287730389952928878e+00 3.313921771813387096e+00 3.340122546567845241e+00 3.366332704101307804e+00 3.392552230976999539e+00 3.418781110617019170e+00 3.445019323474532325e+00 3.471266847197881589e+00 3.497523656787038693e+00 3.523789724742741214e+00 3.550065021208686389e+00 3.576349514107107552e+00 3.602643169268036960e+00 3.628945950552577404e+00 3.655257819970450850e+00 3.681578737792090994e+00 3.707908662655543530e+00 3.734247551668409493e+00 3.760595360505065710e+00 3.786952043499376419e+00 3.813317553733114540e+00 3.839691843120268455e+00 3.866074862487446584e+00
6.916903151734210553e-01 7.248447499297108187e-01 7.574890993778843340e-01 7.896834839915217730e-01 8.214786551505108836e-01 8.529178807988280209e-01 8.840383711092496544e-01 9.148723741028005341e-01 9.454480299287983946e-01 9.757900456641865894e-01 1.005920234601219931e+00 1.035857951814426858e+00 1.065620449351924570e+00 1.095223168436095351e+00 1.124679981787020333e+00 1.154003396076750843e+00 1.183204722235271289e+00 1.212294219623970326e+00 1.241281218807698483e+00 1.270174226676807239e+00 1.298981016919547704e+00 1.327708708260230130e+00 1.356363832422649462e+00 1.384952393418172223e+00 1.413479919472105939e+00 1.441951508673450233e+00 1.470371869249260888e+00 1.498745355215970410e+00 1.527075998038766480e+00 1.555367534830879084e+00 1.583623433542932668e+00 1.611846915524945967e+00 1.640040975787426580e+00 1.668208401241174421e+00 1.696351787156088031e+00 1.724473552046286384e+00 1.752575951160885603e+00 1.780661088736128495e+00 1.808730929144424904e+00 1.836787307058648011e+00 1.864831936735325213e+00 1.892866420507692382e+00 1.920892256568676792e+00 1.948910846114471962e+00 1.976923499911155790e+00 2.004931444339755231e+00 2.032935826968948145e+00 2.060937721699196867e+00 2.088938133517396434e+00 2.116938002896961546e+00 2.144938209874608592e+00 2.172939577831944913e+00 2.200942877007042497e+00 2.228948827758740148e+00 2.256958103604153276e+00 2.284971334047899205e+00 2.312989107219795670e+00 2.341011972336197733e+00 2.369040441998770063e+00 2.397074994343197929e+00 2.425116075049254860e+00 2.453164099222603589e+00 2.481219453157829324e+00 2.509282495991358442e+00 2.537353561252214451e+00 2.565432958317856560e+00 2.593520973781790140e+00 2.621617872739061550e+00 2.649723899995269250e+00 2.677839281204275501e+00 2.705964223939393065e+00 2.734098918702459802e+00 2.762243539874858822e+00 2.790398246614259392e+00 2.818563183700532271e+00 2.846738482334104425e+00 2.874924260889700101e+00 2.903120625628256679e+00 2.931327671369601706e+00 2.959545482128256300e+00 2.987774131714619585e+00 3.016013684303584075e+00 3.044264194972532422e+00 3.072525710210485261e+00 3.100798268400133839e+00 3.129081900274258921e+00 3.157376629348060515e+00 3.185682472328737802e+00 3.213999439503608890e+00 3.242327535107983216e+00 3.270666757673891478e+00 3.299017100360755350e+00 3.327378551268964646e+00 3.355751093737302515e+00 3.384134706625097522e+00 3.412529364579907298e+00 3.440935038291528691e+00 3.469351694733034730e+00 3.497779297389547626e+00 3.526217806475370420e+00 3.554667179140106992e+00 3.583127369664312667e+00 3.611598329645246519e+00 3.640080008173213866e+00 3.668572351998989234e+00 3.697075305692766989e+00 3.725588811795077060e+00 3.754112810960064994e+00 3.782647242091520479e+00 3.811192042472019814e+00 3.839747147885526513e+00 3.868312492733768426e+00 3.896888010146700942e+00 3.925473632087361331e+00 3.954069289451367819e+00 3.982674912161340064e+00 4.011290429256490597e+00 4.039915768977607513e+00 4.068550858847677532e+00 4.097195625748330627e+00 4.125849995992328267e+00 4.154513895392293321e+00
7.251326110507099187e-01 7.603039986020172503e-01 7.949646685923867917e-01 8.291763168587340527e-01 8.629909787707082947e-01 8.964529751558999449e-01 9.296003833369819169e-01 9.624661674747511109e-01 9.950790598168007817e-01 1.027464256719105240e+00 1.059643974833142543e+00 1.091637900275902684e+00 1.123463554878763260e+00 1.155136597457661063e+00 1.186671073637091789e+00 1.218079624554752716e+00 1.249373662413145070e+00 1.280563519083775192e+00 1.311658572644689880e+00 1.342667355720923439e+00 1.373597648721663456e+00 1.404456560465517256e+00 1.435250598214249829e+00 1.465985728764103158e+00 1.496667431948998761e+00 1.527300747674249726e+00 1.557890317409778458e+00 1.588440420918291185e+00 1.618955008868880219e+00 1.649437731884168867e+00 1.679891966484889698e+00 1.710320838326163662e+00 1.740727243061853002e+00 1.771113865125093945e+00 1.801483194672638621e+00 1.831837542906570082e+00 1.862179055958208762e+00 1.892509727494627425e+00 1.922831410187442192e+00 1.953145826165843646e+00 1.983454576560648386e+00 2.013759150233129347e+00 2.044060931771130907e+00 2.074361208825306058e+00 2.104661178849862146e+00 2.134961955304887748e+00 2.165264573371049828e+00 2.195569995221756887e+00 2.225879114893127397e+00 2.256192762787786243e+00 2.286511709844749163e+00 2.316836671404366665e+00 2.347168310794364832e+00 2.377507242660430897e+00 2.407854036062498704e+00 2.438209217355867597e+00 2.468573272874439617e+00 2.498946651431773969e+00 2.529329766654213163e+00 2.559722999159001589e+00 2.590126698589223952e+00 2.620541185516283456e+00 2.650966753219763383e+00 2.681403669353624952e+00 2.711852177506975270e+00 2.742312498666921172e+00 2.772784832590428739e+00 2.803269359091522528e+00 2.833766239249684737e+00 2.864275616544803782e+00 2.894797617923646982e+00 2.925332354802421708e+00 2.955879924009645610e+00 2.986440408673237012e+00 3.017013879055427950e+00 3.047600393338862013e+00 3.078199998366963008e+00 3.108812730341464547e+00 3.139438615479781092e+00 3.170077670634682931e+00 3.200729903878613669e+00 3.231395315054790274e+00 3.262073896297087661e+00 3.292765632520594288e+00 3.323470501884566275e+00 3.354188476229425397e+00 3.384919521489300198e+00 3.415663598081573493e+00 3.446420661274718800e+00 3.477190661535722427e+00 3.507973544858210779e+00 3.538769253072425069e+00 3.569577724138029762e+00 3.600398892420742403e+00 3.631232688953681897e+00 3.662079041684286107e+00 3.692937875707591466e+00 3.723809113486630906e+00 3.754692675060661511e+00 3.785588478241867172e+00 3.816496438801188607e+00 3.847416470643843400e+00 3.878348485975111171e+00 3.909292395456895886e+00 3.940248108355564938e+00 3.971215532681530380e+00 4.002194575320999981e+00 4.033185142160337300e+00 4.064187138203392280e+00 4.095200467682205137e+00 4.126225034161398852e+00 4.157260740636620433e+00 4.188307489627323577e+00 4.219365183264206287e+00 4.250433723371557448e+00 4.281513011544805458e+00 4.312602949223504289e+00 4.343703437759987018e+00 4.374814378483931065e+00 4.405935672763035882e+00 4.437067222060010252e+00 4.468208927986074386e+00
7.605536504913160689e-01 7.979025843077051094e-01 8.347427738495543093e-01 8.711374294501327276e-01 9.071398068293760053e-01 9.427952141820514775e-01 9.781425292417299522e-01 1.013215364841610011e+00 1.048042977507348761e+00 1.082650984993453136e+00 1.117061939601386333e+00 1.151295791138493785e+00 1.185370264375798843e+00 1.219301169512437832e+00 1.253102659604412805e+00 1.286787445607075142e+00 1.320366977246268725e+00 1.353851596116817824e+00 1.387250666039537617e+00 1.420572684666211005e+00 1.453825379521273886e+00 1.487015791047987978e+00 1.520150344741184378e+00 1.553234914065946715e+00 1.586274875557661446e+00 1.619275157255976705e+00 1.652240281429741664e+00 1.685174402391786064e+00 1.718081340073597030e+00 1.750964609924492210e+00 1.783827449613134553e+00 1.816672842937477217e+00 1.849503541289625019e+00 1.882322082972369692e+00 1.915130810622458490e+00 1.947931886960609926e+00 1.980727309058649688e+00 2.013518921289032093e+00 2.046308427100662630e+00 2.079097399746685504e+00 2.111887292074272615e+00 2.144679445473060220e+00 2.177475098067294113e+00 2.210275392226745073e+00 2.243081381462827206e+00 2.275894036768795203e+00 2.308714252456357752e+00 2.341542851535319603e+00 2.374380590677846570e+00 2.407228164804544601e+00 2.440086211325700472e+00 2.472955314067585952e+00 2.505836006910741709e+00 2.538728777164489969e+00 2.571634068699536702e+00 2.604552284858467015e+00 2.637483791162011482e+00 2.670428917827344595e+00 2.703387962113157350e+00 2.736361190504907448e+00 2.769348840752483998e+00 2.802351123771416930e+00 2.835368225417811416e+00 2.868400308146318078e+00 2.901447512559661046e+00 2.934509958857531853e+00 2.967587748192025199e+00 3.000680963936205092e+00 3.033789672871861853e+00 3.066913926302036408e+00 3.100053761093474858e+00 3.133209200653732651e+00 3.166380255847351943e+00 3.199566925855134247e+00 3.232769198980271153e+00 3.265987053404824980e+00 3.299220457899759928e+00 3.332469372491521753e+00 3.365733749087945981e+00 3.399013532066068599e+00 3.432308658824239966e+00 3.465619060300779708e+00 3.498944661461242944e+00 3.532285381756238962e+00 3.565641135551619989e+00 3.599011832532705846e+00 3.632397378084143647e+00 3.665797673646850274e+00 3.699212617053426744e+00 3.732642102843335863e+00 3.766086022559031576e+00 3.799544265024175527e+00 3.833016716605002649e+00 3.866503261455812801e+00 3.900003781749532994e+00 3.933518157894198897e+00 3.967046268736198034e+00 4.000587991751027417e+00 4.034143203222278373e+00 4.067711778409552892e+00 4.101293591705917230e+00 4.134888516785519386e+00 4.168496426741898020e+00 4.202117194217567686e+00 4.235750691525314693e+00 4.269396790761725846e+00 4.303055363913360409e+00 4.336726282955997824e+00 4.370409419947351992e+00 4.404104647113618931e+00 4.437811836930193543e+00 4.471530862196929412e+00 4.505261596108191213e+00 4.539003912318038125e+00 4.572757685000808259e+00 4.606522788907330579e+00 4.640299099417067197e+00 4.674086492586368102e+00 4.707884845193087031e+00 4.741694034777756528e+00 4.775513939681517606e+00 4.809344439080994960e+00
7.981132150287104654e-01 8.378169115420831536e-01 8.770168787833655388e-01 9.157777538673971263e-01 9.541539234023520555e-01 9.921915925343914866e-01 1.029930348625231362e+00 1.067404362469478452e+00 1.104643324570242502e+00 1.141673184455284762e+00 1.178516741337448659e+00 1.215194121033711827e+00 1.251723164772354124e+00 1.288119748968690415e+00 1.324398050355550804e+00 1.360570767446222851e+00 1.396649306794404133e+00 1.432643940645258462e+00 1.468563941161172615e+00 1.504417695332220806e+00 1.540212803856144230e+00 1.575956166632715982e+00 1.611654057016929764e+00 1.647312186581121107e+00 1.682935761823056486e+00 1.718529534006792758e+00 1.754097843121820599e+00 1.789644656783058174e+00 1.825173604761627821e+00 1.860688009727765158e+00 1.896190914697895247e+00 1.931685107604032670e+00 1.967173143342314079e+00 2.002657363606300311e+00 2.038139914767691074e+00 2.073622764031231469e+00 2.109107714059713867e+00 2.144596416239592962e+00 2.180090382735390797e+00 2.215590997462471012e+00 2.251099526091648872e+00 2.286617125185279153e+00 2.322144850552581019e+00 2.357683664901669474e+00 2.393234444856832344e+00 2.428797987401871694e+00 2.464375015803552671e+00 2.499966185063318136e+00 2.535572086940270697e+00 2.571193254583869603e+00 2.606830166810830463e+00 2.642483252057178600e+00 2.678152892033307531e+00 2.713839425107153147e+00 2.749543149438138823e+00 2.785264325882387482e+00 2.821003180687760459e+00 2.856759907995560788e+00 2.892534672164201126e+00 2.928327609928747854e+00 2.964138832409014768e+00 2.999968426977791758e+00 3.035816458999746281e+00 3.071682973450691190e+00 3.107567996426037649e+00 3.143471536546567080e+00 3.179393586268965510e+00 3.215334123107943309e+00 3.251293110776263706e+00 3.287270500248448357e+00 3.323266230753513906e+00 3.359280230701660042e+00 3.395312418549460087e+00 3.431362703607763631e+00 3.467430986796190329e+00 3.503517161347820430e+00 3.539621113467416258e+00 3.575742722946269936e+00 3.611881863736539078e+00 3.648038404487747410e+00 3.684212209047907471e+00 3.720403136931583088e+00 3.756611043757029034e+00 3.792835781654390725e+00 3.829077199646836682e+00 3.865335144006342816e+00 3.901609458585744150e+00 3.937899985128558544e+00 3.974206563557987959e+00 4.010529032246421544e+00 4.046867228266636474e+00 4.083220987625874265e+00 4.119590145483845944e+00 4.155974536355666160e+00 4.192373994300675477e+00 4.228788353098004826e+00 4.265217446409706348e+00 4.301661107932239325e+00 4.338119171537022645e+00 4.374591471400719911e+00 4.411077842125911808e+00 4.447578118852732132e+00 4.484092137362041264e+00 4.520619734170646886e+00 4.557160746619077329e+00 4.593715012952367616e+00 4.630282372394265877e+00 4.666862665215324668e+00 4.703455732795177369e+00 4.740061417679457989e+00 4.776679563631605951e+00 4.813310015679942211e+00 4.849952620160284056e+00 4.886607224754383694e+00 4.923273678524465069e+00 4.959951831944080958e+00 4.996641536925571003e+00 5.033342646844276125e+00 5.070055016559781080e+00 5.106778502434325517e+00 5.143512962348608220e+00 5.180258255715130211e+00
8.379888247629352360e-01 8.802431744617185139e-01 9.220023342949901224e-01 9.633322465639578835e-01 1.004288306752554316e+00 1.044917495219100045e+00 1.085259987996658460e+00 1.125350394053851844e+00 1.165218719553560156e+00 1.204891129186668186e+00 1.244390554366462842e+00 1.283737184264569509e+00 1.322948866096611331e+00 1.362041434315856892e+00 1.401028983535189010e+00 1.439924096483609084e+00 1.478738035715609911e+00 1.517480905863635376e+00 1.556161791771071945e+00 1.594788876737369465e+00 1.633369544256960015e+00 1.671910465974666415e+00 1.710417678064995339e+00 1.748896647836728935e+00 1.787352332041919567e+00 1.825789228110869189e+00 1.864211419327437502e+00 1.902622614791392275e+00 1.941026184877982619e+00 1.979425192793230925e+00 2.017822422731488263e+00 2.056220405065908530e+00 2.094621438939189062e+00 2.133027612569483811e+00 2.171440821542094834e+00 2.209862785320483525e+00 2.248295062178786274e+00 2.286739062731405259e+00 2.325196062212639525e+00 2.363667211640005039e+00 2.402153547978348236e+00 2.440656003407630781e+00 2.479175413785035254e+00 2.517712526381415739e+00 2.556268006962969519e+00 2.594842446280989812e+00 2.633436366025627695e+00 2.672050224293504250e+00 2.710684420613668433e+00 2.749339300571758571e+00 2.788015160068064713e+00 2.826712249241600361e+00 2.865430776089037845e+00 2.904170909804569600e+00 2.942932783864173008e+00 2.981716498875571553e+00 3.020522125213137787e+00 3.059349705455213453e+00 3.098199256639739385e+00 3.137070772352624992e+00 3.175964224662020552e+00 3.214879565910509829e+00 3.253816730376163591e+00 3.292775635812507762e+00 3.331756184876550009e+00 3.370758266453313556e+00 3.409781756884559645e+00 3.448826521108804943e+00 3.487892413719149598e+00 3.526979279944884915e+00 3.566086956562430466e+00 3.605215272740674770e+00 3.644364050825393164e+00 3.683533107067115786e+00 3.722722252296409629e+00 3.761931292550289463e+00 3.801160029653203321e+00 3.840408261755706487e+00 3.879675783833830494e+00 3.918962388151812970e+00 3.958267864690736548e+00 3.997592001545429596e+00 4.036934585291776401e+00 4.076295401326481382e+00 4.115674234181173397e+00 4.155070867812549196e+00 4.194485085870243601e+00 4.233916671943902088e+00 4.273365409790862657e+00 4.312831083545777489e+00 4.352313477913380524e+00 4.391812378345552048e+00 4.431327571203736326e+00 4.470858843907688396e+00 4.510405985071510138e+00 4.549968784627807850e+00 4.589547033940778675e+00 4.629140525908987946e+00 4.668749055058546205e+00 4.708372417627314732e+00 4.748010411640772865e+00 4.787662836980123515e+00 4.827329495443141383e+00 4.867010190798318092e+00 4.906704728832702145e+00 4.946412917393931963e+00 4.986134566426836834e+00 5.025869488005001884e+00 5.065617496357635474e+00 5.105378407892106729e+00 5.145152041212429417e+00 5.184938217134015481e+00 5.224736758694936256e+00 5.264547491163996007e+00 5.304370242045807871e+00 5.344204841083123547e+00 5.384051120256624579e+00 5.423908913782364394e+00 5.463778058107039648e+00 5.503658391901284475e+00 5.543549756051105781e+00 5.583451993647669198e+00
8.803781692851785357e-01 9.254000517021967465e-01 9.699393355481877865e-01 1.014063103998955384e+00 1.057827598458030760e+00 1.101280413474912789e+00 1.144462155102300649e+00 1.187407714534234326e+00 1.230147260610656268e+00 1.272707023379332725e+00 1.315109919995497201e+00 1.357376060013462338e+00 1.399523157265034623e+00 1.441566868563137982e+00 1.483521074488222569e+00 1.525398113895077845e+00 1.567208981113154209e+00 1.608963492828301423e+00 1.650670430138334144e+00 1.692337660136554067e+00 1.733972240502654971e+00 1.775580509902320081e+00 1.817168166466617274e+00 1.858740336204637744e+00 1.900301632871266966e+00 1.941856210547073802e+00 1.983407809974150560e+00 2.024959799519486126e+00 2.066515211496705362e+00 2.108076774462588787e+00 2.149646942009925787e+00 2.191227918500277205e+00 2.232821682115256223e+00 2.274430005550808431e+00 2.316054474633537197e+00 2.357696505099965201e+00 2.399357357747336827e+00 2.441038152137206652e+00 2.482739879009781436e+00 2.524463411547089642e+00 2.566209515606030056e+00 2.607978859027682006e+00 2.649772020116638149e+00 2.691589495373226004e+00 2.733431706551963547e+00 2.775299007111383442e+00 2.817191688113191983e+00 2.859109983622383666e+00 2.901054075654516673e+00 2.943024098711419789e+00 2.985020143942418436e+00 3.027042262964356301e+00 3.069090471370377937e+00 3.111164751954495156e+00 3.153265057676327920e+00 3.195391314388079884e+00 3.237543423343724580e+00 3.279721263508536655e+00 3.321924693685416319e+00 3.364153554472974150e+00 3.406407670069015126e+00 3.448686849931822618e+00 3.490990890310603501e+00 3.533319575655425204e+00 3.575672679916143792e+00 3.618049967738963257e+00 3.660451195568603655e+00 3.702876112663324726e+00 3.745324462029537393e+00 3.787795981282111146e+00 3.830290403436030999e+00 3.872807457634634964e+00 3.915346869819155362e+00 3.957908363344040392e+00 4.000491659542056766e+00 4.043096478242972580e+00 4.085722538249253688e+00 4.128369557771968346e+00 4.171037254829868424e+00 4.213725347614366790e+00 4.256433554822929288e+00 4.299161595963237659e+00 4.341909191630255904e+00 4.384676063758233155e+00 4.427461935849480668e+00 4.470266533181636248e+00 4.513089582995028159e+00 4.555930814661612871e+00 4.598789959836823371e+00 4.641666752595659418e+00 4.684560929554149489e+00 4.727472229977299101e+00 4.770400395874549559e+00 4.813345172083660195e+00 4.856306306343953771e+00 4.899283549359653378e+00 4.942276654854151907e+00 4.985285379615849166e+00 5.028309483536268054e+00 5.071348729641003139e+00 5.114402884114107373e+00 5.157471716316419652e+00 5.200554998798320838e+00 5.243652507307390742e+00 5.286764020791354213e+00 5.329889321396735546e+00 5.373028194463577378e+00 5.416180428516544687e+00 5.459345815252760303e+00 5.502524149526624164e+00 5.545715229331926288e+00 5.588918855781467521e+00 5.632134833084458947e+00 5.675362968521876716e+00 5.718603072420011202e+00 5.761854958122363257e+00 5.805118441960093634e+00 5.848393343221149898e+00 5.891679484118258259e+00 5.934976689755882440e+00 5.978284788096295266e+00 6.021603609924886413e+00
9.255018952508788921e-01 9.735317842482535955e-01 1.021096284969870593e+00 1.068263403422731850e+00 1.115090012659690766e+00 1.161624111393834591e+00 1.207906530270796086e+00 1.253972242164694162e+00 1.299851383152156536e+00 1.345570058481742493e+00 1.391150986321724181e+00 1.436614017421138145e+00 1.481976558666673105e+00 1.527253921358744826e+00 1.572459609902682631e+00 1.617605562885980230e+00 1.662702355770909524e+00 1.707759372389454189e+00 1.752784950889171078e+00 1.797786508607878142e+00 1.842770649455525378e+00 1.887743256684347948e+00 1.932709573383276869e+00 1.977674272603188177e+00 2.022641518678776507e+00 2.067615021040495105e+00 2.112598081591016363e+00 2.157593636543354343e+00 2.202604293473563679e+00 2.247632364222797552e+00 2.292679894186371303e+00 2.337748688447106815e+00 2.382840335143494137e+00 2.427956226407498974e+00 2.473097577160117133e+00 2.518265442013488897e+00 2.563460730495161322e+00 2.608684220781886332e+00 2.653936572106371461e+00 2.699218335979880479e+00 2.744529966356020534e+00 2.789871828845900570e+00 2.835244209081839717e+00 2.880647320315515625e+00 2.926081310326574592e+00 2.971546267709306299e+00 3.017042227597453330e+00 3.062569176880745481e+00 3.108127058961055678e+00 3.153715778090998345e+00 3.199335203333423916e+00 3.244985172176304999e+00 3.290665493834055599e+00 3.336375952263292533e+00 3.382116308918237113e+00 3.427886305268629918e+00 3.473685665100738174e+00 3.519514096620207866e+00 3.565371294373719468e+00 3.611256941004821197e+00 3.657170708858004549e+00 3.703112261443720410e+00 3.749081254775983751e+00 3.795077338593149552e+00 3.841100157471523335e+00 3.887149351840633482e+00 3.933224558908261059e+00 3.979325413502572850e+00 4.025451548838163696e+00 4.071602597212164554e+00 4.117778190636120605e+00 4.163977961408840578e+00 4.210201542634992578e+00 4.256448568693836698e+00 4.302718675662148939e+00 4.349011501695007276e+00 4.395326687367895779e+00 4.441663875983202558e+00 4.488022713844069145e+00 4.534402850498186588e+00 4.580803938954025156e+00 4.627225635871722531e+00 4.673667601730753240e+00 4.720129500976229409e+00 4.766611002145647369e+00 4.813111777977713501e+00 4.859631505504687254e+00 4.906169866129703294e+00 4.952726545690294913e+00 4.999301234509328395e+00 5.045893627434412387e+00 5.092503423866800993e+00 5.139130327780708107e+00 5.185774047733891834e+00 5.232434296870293267e+00 5.279110792915450823e+00 5.325803258165373144e+00 5.372511419469480742e+00 5.419235008208184823e+00 5.465973760265642412e+00 5.512727415998144309e+00 5.559495720198624369e+00 5.606278422057651589e+00 5.653075275121348220e+00 5.699886037246503889e+00 5.746710470553284544e+00 5.793548341375783117e+00 5.840399420210690806e+00 5.887263481664370524e+00 5.934140304398512811e+00 5.981029671074625575e+00 6.027931368297538839e+00 6.074845186558088805e+00 6.121770920175167774e+00 6.168708367237258017e+00 6.215657329543634368e+00 6.262617612545289703e+00 6.309589025285769814e+00 6.356571380341962119e+00 6.403564493764988264e+00 6.450568185021208656e+00 6.497582276933506762e+00
9.736067954452466422e-01 1.024911679421449895e+00 1.075773601048488848e+00 1.126261203810551059e+00 1.176431714203883372e+00 1.226333264405367496e+00 1.276006646739571648e+00 1.325486660853790966e+00 1.374803163334654466e+00 1.423981896218051268e+00 1.473045148681037420e+00 1.522012291133928219e+00 1.570900210485821180e+00 1.619723667992996718e+00 1.668495595826463118e+00 1.717227344664653321e+00 1.765928891798573597e+00 1.814609017137250868e+00 1.863275452920227782e+00 1.911935011740675261e+00 1.960593696558404098e+00 2.009256795665564255e+00 2.057928965007804312e+00 2.106614299822470837e+00 2.155316397205286894e+00 2.204038410937176895e+00 2.252783099677825085e+00 2.301552869450395278e+00 2.350349811193555905e+00 2.399175734035529750e+00 2.448032194844972143e+00 2.496920524530814589e+00 2.545841851494531127e+00 2.594797122580895010e+00 2.643787121825188269e+00 2.692812487254311993e+00 2.741873725964957931e+00 2.790971227672966126e+00 2.840105276903096776e+00 2.889276063967394670e+00 2.938483694862025875e+00 2.987728200196867689e+00 3.037009543258577970e+00 3.086327627296217901e+00 3.135682302108264707e+00 3.185073370001020976e+00 3.234500591180712536e+00 3.283963688634724321e+00 3.333462352551547436e+00 3.382996244323717594e+00 3.432565000173438019e+00 3.482168234436498366e+00 3.531805542536458287e+00 3.581476503677909040e+00 3.631180683284706223e+00 3.680917635206603755e+00 3.730686903715373592e+00 3.780488025309530098e+00 3.830320530344944352e+00 3.880183944506975013e+00 3.930077790138363447e+00 3.980001587435717081e+00 4.029954855526328927e+00 4.079937113435951446e+00 4.129947880957189454e+00 4.179986679427349472e+00 4.230053032423729320e+00 4.280146466383674131e+00 4.330266511156088072e+00 4.380412700490425415e+00 4.430584572468775129e+00 4.480781669886041207e+00 4.531003540582924316e+00 4.581249737735846317e+00 4.631519820107756757e+00 4.681813352263318073e+00 4.732129904751719351e+00 4.782469054260050534e+00 4.832830383739985969e+00 4.883213482510207371e+00 4.933617946336859461e+00 4.984043377494119298e+00 5.034489384806728474e+00 5.084955583676301849e+00 5.135441596092940486e+00 5.185947050633621380e+00 5.236471582448722017e+00 5.287014833237858369e+00 5.337576451216180295e+00 5.388156091072138665e+00 5.438753413917654100e+00 5.489368087231537352e+00 5.539999784796948212e+00 5.590648186633610628e+00 5.641312978925414612e+00 5.691993853944024018e+00 5.742690509969013313e+00 5.793402651205035170e+00 5.844129987696478956e+00 5.894872235240003810e+00 5.945629115295354872e+00 5.996400354894762863e+00 6.047185686551272532e+00 6.097984848166256633e+00 6.148797582936366801e+00 6.199623639260176233e+00 6.250462770644673149e+00 6.301314735611853735e+00 6.352179297605525576e+00 6.403056224898505455e+00 6.453945290500340271e+00 6.504846272065664792e+00 6.555758951803304591e+00 6.606683116386233401e+00 6.657618556862450632e+00 6.708565068566867851e+00 6.759522451034254864e+00 6.810490507913323555e+00 6.861469046881973455e+00 6.912457879563758567e+00 6.963456821445603850e+00 7.014465691796807789e+00
1.024969444554642006e+00 1.079846081908864885e+00 1.134308007658595185e+00 1.188424133638017910e+00 1.242251682604414764e+00 1.295838575199115272e+00 1.349225232795386198e+00 1.402445961690015341e+00 1.455530031454820961e+00 1.508502526032720059e+00 1.561385023374703307e+00 1.614196143919525150e+00 1.666951997481624703e+00 1.719666550544839856e+00 1.772351930540967846e+00 1.825018679757092199e+00 1.877675968620074354e+00 1.930331775950276274e+00 1.982993042152750851e+00 2.035665800078593435e+00 2.088355287339971778e+00 2.141066043126645724e+00 2.193801991996620071e+00 2.246566516660513546e+00 2.299362521419532346e+00 2.352192487629482187e+00 2.405058522331949611e+00 2.457962401006505537e+00 2.510905605245249195e+00 2.563889356026078925e+00 2.616914643158181786e+00 2.669982251388077099e+00 2.723092783583711096e+00 2.776246681354911594e+00 2.829444243418808735e+00 2.882685641976969304e+00 2.935970937335513398e+00 2.989300090969380541e+00 3.042672977206202667e+00 3.096089393683294499e+00 3.149549070712307941e+00 3.203051679669924656e+00 3.256596840518811042e+00 3.310184128550931693e+00 3.363813080434679303e+00 3.417483199638050806e+00 3.471193961292055263e+00 3.524944816551406124e+00 3.578735196503397997e+00 3.632564515670368976e+00 3.686432175146339585e+00 3.740337565404150411e+00 3.794280068805647499e+00 3.848259061844144568e+00 3.902273917145366422e+00 3.956324005250481335e+00 4.010408696202439671e+00 4.064527360954742541e+00 4.118679372619878265e+00 4.172864107572971548e+00 4.227080946424700336e+00 4.281329274876155111e+00 4.335608484467100787e+00 4.389917973228036452e+00 4.444257146245417900e+00 4.498625416148548162e+00 4.553022203525837419e+00 4.607446937277385857e+00 4.661899054910255025e+00 4.716378002782099621e+00 4.770883236298401719e+00 4.825414220067998805e+00 4.879970428021183970e+00 4.934551343494264941e+00 4.989156459284079581e+00 5.043785277675696399e+00 5.098437310446159110e+00 5.153112078846920241e+00 5.207809113567350323e+00 5.262527954681473830e+00 5.317268151579905400e+00 5.372029262888737833e+00 5.426810856377029424e+00 5.481612508854297516e+00 5.536433806059405605e+00 5.591274342541961317e+00 5.646133721537366590e+00 5.701011554836471262e+00 5.755907462650701412e+00 5.810821073473484866e+00 5.865752023938664905e+00 5.920699958676566510e+00 5.975664530168264932e+00 6.030645398598632134e+00 6.085642231708563443e+00 6.140654704646855144e+00 6.195682499822074973e+00 6.250725306754762123e+00 6.305782821930283610e+00 6.360854748652553070e+00 6.415940796898900622e+00 6.471040683176259911e+00 6.526154130378862384e+00 6.581280867647609334e+00 6.636420630231236295e+00 6.691573159349395894e+00 6.746738202057753320e+00 6.801915511115193880e+00 6.857104844853201264e+00 6.912305967047449151e+00 6.967518646791690529e+00 7.022742658373957170e+00 7.077977781155078141e+00 7.133223799449582181e+00 7.188480502408956418e+00 7.243747683907284518e+00 7.299025142429254487e+00 7.354312680960537030e+00 7.409610106880521130e+00 7.464917231857384650e+00 7.520233871745484855e+00 7.575559846485067972e+00
1.079900324119688282e+00 1.138678846450169146e+00 1.197077328354231529e+00 1.255164477624762132e+00 1.312997059732511129e+00 1.370622349164159148e+00 1.428079980693671480e+00 1.485403370582610627e+00 1.542620823599024860e+00 1.599756406570105094e+00 1.656830645770827504e+00 1.713861089535271054e+00 1.770862766451292591e+00 1.827848561728354859e+00 1.884829528765452844e+00 1.941815148906590016e+00 1.998813549399322875e+00 2.055831687358641968e+00 2.112875505872027215e+00 2.169950067113244785e+00 2.227059666358226053e+00 2.284207930041017409e+00 2.341397900397153009e+00 2.398632108776365790e+00 2.455912639336928383e+00 2.513241184538322681e+00 2.570619093610968964e+00 2.628047414988935238e+00 2.685526933534392757e+00 2.743058203253728067e+00 2.800641576099049068e+00 2.858277227360817463e+00 2.915965178084093612e+00 2.973705314879585782e+00 3.031497407449225356e+00 3.089341124102490621e+00 3.147236045502933344e+00 3.205181676853026573e+00 3.263177458698713451e+00 3.321222776512149366e+00 3.379316969191458409e+00 3.437459336599328452e+00 3.495649146247631123e+00 3.553885639222516435e+00 3.612168035433345636e+00 3.670495538259232138e+00 3.728867338658498731e+00 3.787282618798984313e+00 3.845740555260673599e+00 3.904240321856417228e+00 3.962781092111506087e+00 4.021362041438409030e+00 4.079982349039102729e+00 4.138641199563935835e+00 4.197337784552908069e+00 4.256071303682485762e+00 4.314840965838699915e+00 4.373645990035075926e+00 4.432485606191996830e+00 4.491359055792454313e+00 4.550265592427542138e+00 4.609204482243693057e+00 4.668175004302435482e+00 4.727176450862367929e+00 4.786208127592014527e+00 4.845269353721377570e+00 4.904359462139201042e+00 4.963477799442262750e+00 5.022623725942301220e+00 5.081796615635739478e+00 5.140995856140701648e+00 5.200220848605457746e+00 5.259471007591971947e+00 5.318745760937862777e+00 5.378044549599706237e+00 5.437366827480401454e+00 5.496712061242898351e+00 5.556079730112479353e+00 5.615469325669491418e+00 5.674880351634189246e+00 5.734312323645262666e+00 5.793764769033386663e+00 5.853237226590986886e+00 5.912729246339303302e+00 5.972240389293724583e+00 6.031770227228199666e+00 6.091318342439510758e+00 6.150884327512038396e+00 6.210467785083600312e+00 6.270068327612899672e+00 6.329685577148975284e+00 6.389319165103077403e+00 6.448968732023292461e+00 6.508633927372192041e+00 6.568314409307736135e+00 6.628009844467695366e+00 6.687719907757679216e+00 6.747444282142974536e+00 6.807182658444286716e+00 6.866934735137474988e+00 6.926700218157337829e+00 6.986478820705509740e+00 7.046270263062512917e+00 7.106074272403958503e+00 7.165890582620895621e+00 7.225718934144339300e+00 7.285559073773909766e+00 7.345410754510575124e+00 7.405273735393488543e+00 7.465147781340809807e+00 7.525032662994545873e+00 7.584928156569273661e+00 7.644834043704754833e+00 7.704750111322336892e+00 7.764676151485080169e+00 7.824611961261577875e+00 7.884557342593342177e+00 7.944512102165723455e+00 8.004476051282301441e+00 8.064449005742615029e+00 8.124430785723225412e+00 8.184421215661993543e+00
1.138748471632099912e+00 1.201796334439841463e+00 1.264505792524664773e+00 1.326944751686041091e+00 1.389168950968150629e+00 1.451224478209261592e+00 1.513149669516451468e+00 1.574976567175768283e+00 1.636732054950284843e+00 1.698438753606779539e+00 1.760115735480605403e+00 1.821779100555549924e+00 1.883442445222563322e+00 1.945117246908882880e+00 2.006813182063130530e+00 2.068538390838222440e+00 2.130299698765565353e+00 2.192102803443646053e+00 2.253952432554158669e+00 2.315852478217369725e+00 2.377806111698132607e+00 2.439815881698100153e+00 2.501883798862714503e+00 2.564011408652819846e+00 2.626199854350328877e+00 2.688449931662834302e+00 2.750762136146695624e+00 2.813136704469067606e+00 2.875573650366906708e+00 2.938072796027741074e+00 3.000633799506914556e+00 3.063256178704838462e+00 3.125939332351663325e+00 3.188682558383134857e+00 3.251485070037788638e+00 3.314346009960413397e+00 3.377264462558331015e+00 3.440239464824394577e+00 3.503270015812733451e+00 3.566355084929353048e+00 3.629493619179203989e+00 3.692684549493609136e+00 3.755926796246632282e+00 3.819219274055778435e+00 3.882560895950803115e+00 3.945950576984495584e+00 4.009387237350470201e+00 4.072869805065415072e+00 4.136397218266537834e+00 4.199968427169055829e+00 4.263582395723481078e+00 4.327238103007834624e+00 4.390934544385990179e+00 4.454670732459803162e+00 4.518445697839542419e+00 4.582258489754401865e+00 4.646108176522465882e+00 4.709993845897252562e+00 4.773914605306151415e+00 4.837869581994280743e+00 4.901857923085824353e+00 4.965878795573568816e+00 5.029931386246123459e+00 5.094014901561305209e+00 5.158128567473159620e+00 5.222271629219315869e+00 5.286443351074529673e+00 5.350643016075705916e+00 5.414869925723019506e+00 5.479123399661217420e+00 5.543402775344794975e+00 5.607707407690191381e+00 5.672036668717879593e+00 5.736389947186822269e+00 5.800766648223492084e+00 5.865166192947382839e+00 5.929588018094704260e+00 5.994031575641677989e+00 6.058496332428822129e+00 6.122981769787201323e+00 6.187487383167716182e+00 6.252012681774189673e+00 6.316557188200969897e+00 6.381120438075653212e+00 6.445701979707449958e+00 6.510301373741557818e+00 6.574918192819944274e+00 6.639552021248789515e+00 6.704202454672798517e+00 6.768869099756604335e+00 6.833551573873305252e+00 6.898249504800301857e+00 6.962962530422418084e+00 7.027690298442369254e+00 7.092432466098540722e+00 7.157188699890057570e+00 7.221958675309100073e+00 7.286742076580357441e+00 7.351538596407606541e+00 7.416347935727244156e+00 7.481169803468706192e+00 7.546003916321641469e+00 7.610849998509745085e+00 7.675707781571071031e+00 7.740577004144722828e+00 7.805457411763795150e+00 7.870348756654372835e+00 7.935250797540511769e+00 8.000163299454994714e+00 8.065086033555745715e+00 8.130018776947796511e+00 8.194961312510532281e+00 8.259913428730266460e+00 8.324874919537798235e+00 8.389845584150974034e+00 8.454825226922007886e+00 8.519813657189486023e+00 8.584810689134872774e+00 8.649816141643439593e+00 8.714829838169436016e+00 8.779851606605408421e+00 8.844881279155504927e+00
1.201906674265057040e+00 1.269632935940030460e+00 1.337069833140547503e+00 1.404283721934540097e+00 1.471328610372268919e+00 1.538248737606296102e+00 1.605080520822590007e+00 1.671854048981313623e+00 1.738594245373232594e+00 1.805321783961322923e+00 1.872053819835561850e+00 1.938804577363811843e+00 2.005585828024409434e+00 2.072407281733891882e+00 2.139276909633590851e+00 2.206201212050634908e+00 2.273185442222604546e+00 2.340233794045913918e+00 2.407349560352915141e+00 2.474535266886035867e+00 2.541792786109112079e+00 2.609123434198023617e+00 2.676528053927424544e+00 2.744007085677154567e+00 2.811560628388949823e+00 2.879188491989512766e+00 2.946890242542016036e+00 3.014665241181844646e+00 3.082512677723898697e+00 3.150431599690292739e+00 3.218420937392899361e+00 3.286479525610185526e+00 3.354606122318571693e+00 3.422799424872132956e+00 3.491058083968600734e+00 3.559380715692431973e+00 3.627765911885712402e+00 3.696212249063612010e+00 3.764718296062105729e+00 3.833282620580790834e+00 3.901903794762326960e+00 3.970580399931642024e+00 4.039311030602288355e+00 4.108094297843575937e+00 4.176928832090343491e+00 4.245813285466870646e+00 4.314746333687589086e+00 4.383726677589407039e+00 4.452753044343692679e+00 4.521824188390076493e+00 4.590938892129029725e+00 4.660095966405630286e+00 4.729294250813000922e+00 4.798532613840404970e+00 4.867809952887906633e+00 4.937125194166861242e+00 5.006477292503128673e+00 5.075865231057792748e+00 5.145288020978411758e+00 5.214744700992141269e+00 5.284234336950715871e+00 5.353756021336010029e+00 5.423308872733743513e+00 5.492892035282060270e+00 5.562504678100670397e+00 5.632145994705684444e+00 5.701815202414424633e+00 5.771511541744064999e+00 5.841234275807333454e+00 5.910982689708086824e+00 5.980756089939182729e+00 6.050553803784694651e+00 6.120375178728224341e+00 6.190219581868793064e+00 6.260086399345497377e+00 6.329975035772043235e+00 6.399884913681882281e+00 6.469815472984735472e+00 6.539766170434944570e+00 6.609736479112143570e+00 6.679725887914472082e+00 6.749733901064621122e+00 6.819760037628770810e+00 6.889803831048511462e+00 6.959864828685764948e+00 7.029942591380581973e+00 7.100036693021804624e+00 7.170146720130381013e+00 7.240272271455221009e+00 7.310412957581355897e+00 7.380568400550217234e+00 7.450738233491769336e+00 7.520922100268275123e+00 7.591119655129409338e+00 7.661330562378479314e+00 7.731554496049424685e+00 7.801791139594380198e+00 7.872040185581476557e+00 7.942301335402593310e+00 8.012574298990804422e+00 8.082858794547215453e+00 8.153154548276914326e+00 8.223461294133759480e+00 8.293778773573727392e+00 8.364106735316573449e+00 8.434444935115502417e+00 8.504793135534614024e+00 8.575151105733864298e+00 8.645518621261320646e+00 8.715895463852403324e+00 8.786281421235948130e+00 8.856676286946836285e+00 8.927079860144937484e+00 8.997491945440195593e+00 9.067912352723645597e+00 9.138340897004082919e+00 9.208777398250317603e+00 9.279221681238684738e+00 9.349673575405734738e+00 9.420132914705863669e+00 9.490599537473707770e+00 9.561073286291179585e+00
1.269817203589333809e+00 1.342677086757987803e+00 1.415304316622164826e+00 1.487762777774841672e+00 1.560103889160492363e+00 1.632369245177678341e+00 1.704592608279979826e+00 1.776801436547759350e+00 1.849018071299223243e+00 1.921260671863538327e+00 1.993543959394584064e+00 2.065879814450273244e+00 2.138277761181659908e+00 2.210745362602214659e+00 2.283288545412005544e+00 2.355911868495102368e+00 2.428618746000725803e+00 2.501411633526512635e+00 2.574292184118448290e+00 2.647261379426302685e+00 2.720319640294075914e+00 2.793466920241538087e+00 2.866702784646993241e+00 2.940026477930809623e+00 3.013436980632290485e+00 3.086933057945917103e+00 3.160513301019119314e+00 3.234176162099209328e+00 3.307919984441648698e+00 3.381743027747577734e+00 3.455643489779259170e+00 3.529619524703125233e+00 3.603669258627506089e+00 3.677790802733006625e+00 3.751982264335345540e+00 3.826241756171487651e+00 3.900567404158397089e+00 3.974957353838555196e+00 4.049409775696418912e+00 4.123922869504493605e+00 4.198494867835769639e+00 4.273124038860626861e+00 4.347808688530212073e+00 4.422547162234466533e+00 4.497337846011108198e+00 4.572179167371562158e+00 4.647069595801018416e+00 4.722007642982069875e+00 4.796991862784793170e+00 4.872020851060322677e+00 4.947093245270066220e+00 5.022207723978252325e+00 5.097363006231873328e+00 5.172557850848705563e+00 5.247791055631316759e+00 5.323061456522462542e+00 5.398367926715129883e+00 5.473709375728621040e+00 5.549084748460447081e+00 5.624493024222341653e+00 5.699933215767554628e+00 5.775404368315388837e+00 5.850905558578174848e+00 5.926435893794897325e+00 6.001994510775115366e+00 6.077580574956112258e+00 6.153193279475766886e+00 6.228831844263118533e+00 6.304495515148196283e+00 6.380183562992420399e+00 6.455895282840467431e+00 6.531629993094360209e+00 6.607387034710223261e+00 6.683165770418042051e+00 6.758965583964513968e+00 6.834785879379076334e+00 6.910626080262918691e+00 6.986485629100817718e+00 7.062363986595532772e+00 7.138260631024361480e+00 7.214175057617486786e+00 7.290106777957658934e+00 7.366055319400730994e+00 7.442020224516537219e+00 7.518001050549581343e+00 7.593997368899004563e+00 7.670008764617268326e+00 7.746034835926988826e+00 7.822075193755367195e+00 7.898129461285679831e+00 7.974197273525222229e+00 8.050278276889216045e+00 8.126372128800069206e+00 8.202478497301537885e+00 8.278597060687202358e+00 8.354727507142769127e+00 8.430869534401717047e+00 8.507022849413756305e+00 8.583187168025702363e+00 8.659362214674233726e+00 8.735547722090107214e+00 8.811743431013443484e+00 8.887949089919604972e+00 8.964164454755296774e+00 9.040389288684508529e+00 9.116623361843851470e+00 9.192866451107072123e+00 9.269118339858213318e+00 9.345378817773221769e+00 9.421647680609606113e+00 9.497924730003878935e+00 9.574209773276415092e+00 9.650502623243525591e+00 9.726803098036373996e+00 9.803111020926559505e+00 9.879426220158030958e+00 9.955748528785113294e+00 1.003207778451643151e+01 1.010841382956448165e+01 1.018475651050061082e+01 1.026110567811522856e+01 1.033746118728303642e+01
1.342978050745932572e+00 1.421477704634998895e+00 1.499809092195336202e+00 1.578032510083479556e+00 1.656195763914240393e+00 1.734336867912233737e+00 1.812486079429804331e+00 1.890667456303199767e+00 1.968900065230052343e+00 2.047198930507785786e+00 2.125575786630389707e+00 2.204039680676868951e+00 2.282597458254700840e+00 2.361254158179570517e+00 2.440013334922460420e+00 2.518877323382572087e+00 2.597847457246803327e+00 2.676924249734506489e+00 2.756107543666387549e+00 2.835396636376144031e+00 2.914790383887841507e+00 2.994287287928982355e+00 3.073885568679147973e+00 3.153583225623579178e+00 3.233378088457790067e+00 3.313267859649345670e+00 3.393250149988099817e+00 3.473322508232636885e+00 3.553482445777984555e+00 3.633727457119473758e+00 3.714055036763666440e+00 3.794462693134579290e+00 3.874947959937888431e+00 3.955508405374451808e+00 4.036141639534680969e+00 4.116845320255049678e+00 4.197617157675722410e+00 4.278454917702538829e+00 4.359356424546383835e+00 4.440319562487296423e+00 4.521342276988946196e+00 4.602422575270511018e+00 4.683558526427299640e+00 4.764748261177917499e+00 4.845989971304320854e+00 4.927281908841256275e+00 5.008622385063217664e+00 5.090009769309782328e+00 5.171442487684086764e+00 5.252919021653897680e+00 5.334437906580193456e+00 5.415997730194298754e+00 5.497597131041292329e+00 5.579234796904552596e+00 5.660909463223820381e+00 5.742619911517145681e+00 5.824364967815208516e+00 5.906143501115007410e+00 5.987954421858598941e+00 6.069796680441450931e+00 6.151669265753993088e+00 6.233571203759185053e+00 6.315501556108152670e+00 6.397459418795479635e+00 6.479443920855112893e+00 6.561454223097532790e+00 6.643489516888418045e+00 6.725549022968796642e+00 6.807631990316413528e+00 6.889737695047815969e+00 6.971865439360572125e+00 7.054014550514812854e+00 7.136184379853280468e+00 7.218374301858899500e+00 7.300583713248880890e+00 7.382812032104311584e+00 7.465058697034138824e+00 7.547323166372441605e+00 7.629604917407896814e+00 7.711903445644318289e+00 7.794218264091110626e+00 7.876548902582696243e+00 7.958894907125619866e+00 8.041255839272443140e+00 8.123631275521322692e+00 8.206020806740252027e+00 8.288424037615037321e+00 8.370840586119967952e+00 8.453270083010339775e+00 8.535712171335875453e+00 8.618166505974205194e+00 8.700632753183564105e+00 8.783110590173885512e+00 8.865599704695556582e+00 8.948099794645013816e+00 9.030610567686576218e+00 9.113131740889688359e+00 9.195663040381029774e+00 9.278204201010794350e+00 9.360754966032551749e+00 9.443315086796085112e+00 9.525884322452704112e+00 9.608462439672400990e+00 9.691049212372465860e+00 9.773644421456937792e+00 9.856247854566531075e+00 9.938859305838537495e+00 1.002147857567624456e+01 1.010410547052759078e+01 1.018673980267246293e+01 1.026938139001844874e+01 1.035203005590462055e+01 1.043468562891292173e+01 1.051734794268700135e+01 1.060001683575803000e+01 1.068269215137727635e+01 1.076537373735515857e+01 1.084806144590645083e+01 1.093075513350146011e+01 1.101345466072283408e+01 1.109615989212785792e+01 1.117887069611590434e+01
1.421949568882012738e+00 1.506650907211871226e+00 1.591255680440186282e+00 1.675819274510508938e+00 1.760384690056729484e+00 1.844985293742345434e+00 1.929646887428970725e+00 2.014389287752875290e+00 2.099227547532238614e+00 2.184172910687675717e+00 2.269233565908121086e+00 2.354415246304853326e+00 2.439721709820254159e+00 2.525155126349150070e+00 2.610716391209742859e+00 2.696405379996263285e+00 2.782221156444802279e+00 2.868162142400040970e+00 2.954226257045565074e+00 3.040411031087871141e+00 3.126713700446476452e+00 3.213131283115614689e+00 3.299660642165628488e+00 3.386298537299879285e+00 3.473041666942280781e+00 3.559886702476848352e+00 3.646830315975051473e+00 3.733869202514902064e+00 3.821000098006633650e+00 3.908219793285010013e+00 3.995525145100905728e+00 4.082913084539821824e+00 4.170380623307940127e+00 4.257924858254223288e+00 4.345542974436939154e+00 4.433232246992901082e+00 4.520990042025874622e+00 4.608813816695461085e+00 4.696701118658486607e+00 4.784649584990162019e+00 4.872656940691530103e+00 4.960720996872346689e+00 5.048839648683683734e+00 5.137010873062351379e+00 5.225232726338603584e+00 5.313503341749926001e+00 5.401820926896217401e+00 5.490183761165415177e+00 5.578590193153374344e+00 5.667038638097319669e+00 5.755527575338517998e+00 5.844055545826576825e+00 5.932621149675231464e+00 6.021223043777219175e+00 6.109859939483966329e+00 6.198530600354338560e+00 6.287233839975367111e+00 6.375968519856781036e+00 6.464733547400356883e+00 6.553527873944336335e+00 6.642350492882580504e+00 6.731200437857606467e+00 6.820076781026449098e+00 6.908978631397660664e+00 6.997905133237895647e+00 7.086855464546076178e+00 7.175828835593158317e+00 7.264824487525302743e+00 7.353841691028370597e+00 7.442879745051394380e+00 7.531937975586912692e+00 7.621015734505862227e+00 7.710112398444884718e+00 7.799227367743849726e+00 7.888360065431483825e+00 7.977509936257059842e+00 8.066676445766093551e+00 8.155859079418132040e+00 8.245057341744727708e+00 8.334270755545803766e+00 8.423498861122597603e+00 8.512741215545592155e+00 8.601997391955720218e+00 8.691266978897331796e+00 8.780549579681467876e+00 8.869844811777955584e+00 8.959152306234994256e+00 9.048471707124965846e+00 9.137802671015135658e+00 9.227144866462195338e+00 9.316497973529378029e+00 9.405861683325186462e+00 9.495235697562620203e+00 9.584619728137990791e+00 9.674013496728353090e+00 9.763416734406710873e+00 9.852829181274097792e+00 9.942250586107777011e+00 1.003168070602481343e+01 1.012111930616022448e+01 1.021056615935907885e+01 1.030002104588189837e+01 1.038948375312266670e+01 1.047895407533895273e+01 1.056843181339348803e+01 1.065791677450673802e+01 1.074740877201992539e+01 1.083690762516800277e+01 1.092641315886217335e+01 1.101592520348145499e+01 1.110544359467291287e+01 1.119496817316016646e+01 1.128449878455975686e+01 1.137403527920506185e+01 1.146357751197741059e+01 1.155312534214401943e+01 1.164267863320251983e+01 1.173223725273174445e+01 1.182180107224847632e+01 1.191136996706993578e+01 1.200094381618172790e+01 1.209052250211099988e+01
1.507361359061834660e+00 1.598886797123069581e+00 1.690393840909351963e+00 1.781931442200321403e+00 1.873536455170849990e+00 1.965236426556382421e+00 2.057051686309704586e+00 2.148996936173799721e+00 2.241082471059559822e+00 2.333315127450729332e+00 2.425699025963340194e+00 2.518236156733681952e+00 2.610926843490405158e+00 2.703770113098717509e+00 2.796763990844779002e+00 2.889905736969091254e+00 2.983192036435714289e+00 3.076619151285106657e+00 3.170183042918284677e+00 3.263879470128476790e+00 3.357704067512680801e+00 3.451652407972806369e+00 3.545720052291350122e+00 3.639902588193412836e+00 3.734195660850788467e+00 3.828594996418989815e+00 3.923096419904686272e+00 4.017695868424081773e+00 4.112389400720702248e+00 4.207173203654775762e+00 4.302043596248897650e+00 4.396997031770261799e+00 4.492030098244272018e+00 4.587139517723936244e+00 4.682322144581545054e+00 4.777574963041467448e+00 4.872895084133407551e+00 4.968279742212914130e+00 5.063726291169085236e+00 5.159232200416992598e+00 5.254795050754043295e+00 5.350412530144160961e+00 5.446082429481061915e+00 5.541802638371517986e+00 5.637571140970771388e+00 5.733386011895295731e+00 5.829245412232049617e+00 5.925147585658875116e+00 6.021090854686287130e+00 6.117073617028083277e+00 6.213094342105429213e+00 6.309151567686863693e+00 6.405243896665094638e+00 6.501369993970005368e+00 6.597528583616242059e+00 6.693718445882907986e+00 6.789938414622211482e+00 6.886187374693452767e+00 6.982464259518391891e+00 7.078768048753731890e+00 7.175097766076352634e+00 7.271452477076826959e+00 7.367831287256660033e+00 7.464233340124850180e+00 7.560657815389232539e+00 7.657103927238320118e+00 7.753570922709323909e+00 7.850058080138332173e+00 7.946564707688482443e+00 8.043090141952420780e+00 8.139633746625223765e+00 8.236194911244307804e+00 8.332773049992832526e+00 8.429367600563404395e+00 8.525978023078931045e+00 8.622603799067650954e+00 8.719244430489577979e+00 8.815899438811552358e+00 8.912568364128528486e+00 9.009250764328479377e+00 9.105946214298755947e+00 9.202654305171689586e+00 9.299374643607354329e+00 9.396106851111529323e+00 9.492850563387076335e+00 9.589605429716858254e+00 9.686371112376683357e+00 9.783147286076598448e+00 9.879933637429072490e+00 9.976729864442731355e+00 1.007353567604020661e+01 1.017035079159894728e+01 1.026717494051373336e+01 1.036400786177981104e+01 1.046084930359558562e+01 1.055769902298383656e+01 1.065455678543056450e+01 1.075142236454049005e+01 1.084829554170846144e+01 1.094517610580586719e+01 1.104206385288136083e+01 1.113895858587516940e+01 1.123586011434625398e+01 1.133276825421178202e+01 1.142968282749820830e+01 1.152660366210340825e+01 1.162353059156938784e+01 1.172046345486493912e+01 1.181740209617787940e+01 1.191434636471629283e+01 1.201129611451840518e+01 1.210825120427070090e+01 1.220521149713378151e+01 1.230217686057573090e+01 1.239914716621249191e+01 1.249612228965507477e+01 1.259310211036312488e+01 1.269008651150463507e+01 1.278707537982153575e+01 1.288406860550082023e+01 1.298106608205098489e+01 1.307806770618356751e+01
1.599919147542401721e+00 1.698956009799048594e+00 1.798057673775145027e+00 1.897264966406981612e+00 1.996607149741773668e+00 2.096104727225656106e+00 2.195771533454188518e+00 2.295616310053408160e+00 2.395643906367660669e+00 2.495856201954092413e+00 2.596252820064311351e+00 2.696831682306403799e+00 2.797589441460459625e+00 2.898521820048070907e+00 2.999623875502226866e+00 3.100890207845072855e+00 3.202315122121387692e+00 3.303892755091760502e+00 3.405617173610211434e+00 3.507482450520688744e+00 3.609482722680159572e+00 3.711612234762766249e+00 3.813865371753974554e+00 3.916236682457090446e+00 4.018720895870750986e+00 4.121312931927636036e+00 4.224007907791023086e+00 4.326801140670831103e+00 4.429688147932311360e+00 4.532664645118952507e+00 4.635726542388955984e+00 4.738869939765986139e+00 4.842091121525140984e+00 4.945386549970542056e+00 5.048752858808585486e+00 5.152186846278811849e+00 5.255685468169545516e+00 5.359245830818228917e+00 5.462865184173477218e+00 5.566540914977923471e+00 5.670270540116167268e+00 5.774051700160374168e+00 5.877882153136579468e+00 5.981759768527216359e+00 6.085682521519299115e+00 6.189648487502976693e+00 6.293655836821417715e+00 6.397702829770058663e+00 6.501787811841044373e+00 6.605909209206929589e+00 6.710065524436686246e+00 6.814255332435816825e+00 6.918477276602101433e+00 7.022730065187972492e+00 7.127012467860365241e+00 7.231323312448801666e+00 7.335661481872605805e+00 7.440025911238197232e+00 7.544415585097726584e+00 7.648829534860480450e+00 7.753266836348855939e+00 7.857726607490967297e+00 7.962208006142324379e+00 8.066710228029323915e+00 8.171232504807671049e+00 8.275774102229172868e+00 8.380334318410673333e+00 8.484912482199263195e+00 8.589507951628164051e+00 8.694120112458026739e+00 8.798748376798698700e+00 8.903392181806752959e+00 9.008050988454336050e+00 9.112724280365238627e+00 9.217411562714197260e+00 9.322112361185819651e+00 9.426826220989596550e+00 9.531552705927778035e+00 9.636291397513055301e+00 9.741041894133154244e+00 9.845803810259624811e+00 9.950576775698324994e+00 1.005536043487913567e+01 1.016015444618274621e+01 1.026495848130235089e+01 1.036977222463828241e+01 1.047459537272370511e+01 1.057942763367966066e+01 1.068426872669776984e+01 1.078911838154908587e+01 1.089397633811761423e+01 1.099884234595714361e+01 1.110371616387011606e+01 1.120859755950727887e+01 1.131348630898706631e+01 1.141838219653354436e+01 1.152328501413196626e+01 1.162819456120098494e+01 1.173311064428063943e+01 1.183803307673521310e+01 1.194296167847026169e+01 1.204789627566298194e+01 1.215283670050528819e+01 1.225778279095887768e+01 1.236273439052167511e+01 1.246769134800510592e+01 1.257265351732156589e+01 1.267762075728163040e+01 1.278259293140047603e+01 1.288756990771305233e+01 1.299255155859756172e+01 1.309753776060682817e+01 1.320252839430714786e+01 1.330752334412430571e+01 1.341252249819630471e+01 1.351752574823258080e+01 1.362253298937931945e+01 1.372754412009058100e+01 1.383255904200500019e+01 1.393757765982774544e+01 1.404259988121748393e+01 1.414762561667814289e+01
1.700411300999959296e+00 1.807715626715966195e+00 1.915170834346816786e+00 2.022807841308492005e+00 2.130646850378873136e+00 2.238700134401803599e+00 2.346974089373241146e+00 2.455470764317749577e+00 2.564189010736354302e+00 2.673125351562063212e+00 2.782274640885316508e+00 2.891630566091115462e+00 3.001186030356651990e+00 3.110933443732977199e+00 3.220864944018618559e+00 3.330972563502322625e+00 3.441248353854014397e+00 3.551684478601748740e+00 3.662273280486953553e+00 3.773007329357141337e+00 3.883879455003459213e+00 3.994882768384975691e+00 4.106010673933204735e+00 4.217256875047562303e+00 4.328615374436734164e+00 4.440080470604041984e+00 4.551646751493388265e+00 4.663309086091615541e+00 4.775062614608079237e+00 4.886902737714279077e+00 4.998825105217243880e+00 5.110825604454030113e+00 5.222900348626414058e+00 5.335045665240953916e+00 5.447258084776977149e+00 5.559534329671662611e+00 5.671871303684882015e+00 5.784266081686243233e+00 5.896715899890286217e+00 6.009218146553883422e+00 6.121770353140076892e+00 6.234370185945564025e+00 6.347015438183592373e+00 6.459704022510102561e+00 6.572433963978172144e+00 6.685203393403858385e+00 6.798010541125382389e+00 6.910853731136854528e+00 7.023731375577524361e+00 7.136641969557588006e+00 7.249584086301872787e+00 7.362556372593187071e+00 7.475557544497740459e+00 7.588586383355711007e+00 7.701641732020765296e+00 7.814722491333149890e+00 7.927827616811717881e+00 8.040956115551077588e+00 8.154107043310792946e+00 8.267279501784368989e+00 8.380472636036463641e+00 8.493685632097456306e+00 8.606917714705248912e+00 8.720168145184718611e+00 8.833436219455965244e+00 8.946721266162967368e+00 9.060022644914898393e+00 9.173339744632778903e+00 9.286671981994754077e+00 9.400018799973505423e+00 9.513379666460055617e+00 9.626754072968315867e+00 9.740141533415236808e+00 9.853541582971807600e+00 9.966953776980384205e+00 1.008037768993413863e+01 1.019381291451476379e+01 1.030725906068477471e+01 1.042071575483097234e+01 1.053418263895596318e+01 1.064765936991470774e+01 1.076114561869336228e+01 1.087464106972779732e+01 1.098814542025945329e+01 1.110165837972616032e+01 1.121517966918593601e+01 1.132870902077170072e+01 1.144224617717509673e+01 1.155579089115770941e+01 1.166934292508803139e+01 1.178290205050272021e+01 1.189646804769064836e+01 1.201004070529852896e+01 1.212361981995678128e+01 1.223720519592454359e+01 1.235079664475267869e+01 1.246439398496384321e+01 1.257799704174851918e+01 1.269160564667630453e+01 1.280521963742141089e+01 1.291883885750173100e+01 1.303246315603066030e+01 1.314609238748098718e+01 1.325972641146019626e+01 1.337336509249655414e+01 1.348700829983546079e+01 1.360065590724538076e+01 1.371430779283300971e+01 1.382796383886705982e+01 1.394162393161028923e+01 1.405528796115927825e+01 1.416895582129162179e+01 1.428262740932007979e+01 1.439630262595341215e+01 1.450998137516345032e+01 1.462366356405821399e+01 1.473734910276063559e+01 1.485103790429272408e+01 1.496472988446482510e+01 1.507842496176973768e+01 1.519212305728150625e+01 1.530582409455852577e+01
1.809714524076281972e+00 1.926113978582683739e+00 2.042750394078466591e+00 2.159643023615541058e+00 2.276801647952510610e+00 2.394229279969102731e+00 2.511924127727972245e+00 2.629881030670677688e+00 2.748092515868473917e+00 2.866549577010450545e+00 2.985242249128660319e+00 3.104160031711507450e+00 3.223292198643938011e+00 3.342628023323042541e+00 3.462156940033190189e+00 3.581868657370946174e+00 3.701753235611747517e+00 3.821801137014632310e+00 3.942003255892997604e+00 4.062350933646926343e+00 4.182835962715349964e+00 4.303450582465503160e+00 4.424187469318587418e+00 4.545039722860379605e+00 4.666000849263170380e+00 4.787064743020892799e+00 4.908225667749427146e+00 5.029478236612092701e+00 5.150817392782162329e+00 5.272238390240936212e+00 5.393736775122721205e+00 5.515308367751470264e+00 5.636949245463270586e+00 5.758655726270522024e+00 5.880424353394902326e+00 6.002251880674843498e+00 6.124135258837685392e+00 6.246071622615340324e+00 6.368058278674567418e+00 6.490092694327690204e+00 6.612172486986310993e+00 6.734295414318850703e+00 6.856459365072057999e+00 6.978662350516872337e+00 7.100902496479701398e+00 7.223178035921489659e+00 7.345487302028344878e+00 7.467828721779289580e+00 7.590200809958329131e+00 7.712602163580040582e+00 7.835031456699595331e+00 7.957487435580030244e+00 8.079968914191317353e+00 8.202474770017477823e+00 8.325003940149640513e+00 8.447555417644485587e+00 8.570128248128952464e+00 8.692721526633484075e+00 8.815334394637400095e+00 8.937966037311062095e+00 9.060615680940873773e+00 9.183282590523866418e+00 9.305966067519896967e+00 9.428665447750207207e+00 9.551380099431973747e+00 9.674109421339267101e+00 9.796852841081546970e+00 9.919609813491446104e+00 1.004237981911427724e+01 1.016516236279218255e+01 1.028795697233642592e+01 1.041076319728179200e+01 1.053358060771745919e+01 1.065640879318921641e+01 1.077924736166816722e+01 1.090209593858151216e+01 1.102495416590121202e+01 1.114782170128675887e+01 1.127069821727848264e+01 1.139358340053802010e+01 1.151647695113299363e+01 1.163937858186293006e+01 1.176228801762386489e+01 1.188520499480906878e+01 1.200812926074370246e+01 1.213106057315118314e+01 1.225399869964932087e+01 1.237694341727434555e+01 1.249989451203110846e+01 1.262285177846787931e+01 1.274581501927418437e+01 1.286878404490030547e+01 1.299175867319718236e+01 1.311473872907539295e+01 1.323772404418220106e+01 1.336071445659549717e+01 1.348370981053369455e+01 1.360670995608062483e+01 1.372971474892460719e+01 1.385272405011079400e+01 1.397573772580609486e+01 1.409875564707597206e+01 1.422177768967235068e+01 1.434480373383214058e+01 1.446783366408567417e+01 1.459086736907454096e+01 1.471390474137832882e+01 1.483694567734976388e+01 1.495999007695776584e+01 1.508303784363802968e+01 1.520608888415069693e+01 1.532914310844478045e+01 1.545220042952890438e+01 1.557526076334813148e+01 1.569832402866645182e+01 1.582139014695472135e+01 1.594445904228371624e+01 1.606753064122204577e+01 1.619060487273871729e+01 1.631368166811003917e+01 1.643676096083070703e+01 1.655984268652886726e+01
1.928798202590155553e+00 2.055193826520405054e+00 2.181908897017941218e+00 2.308949457342365452e+00 2.436313775720384989e+00 2.563994884335711433e+00 2.691982378501665440e+00 2.820263696155793642e+00 2.948825027947764799e+00 3.077651962353537662e+00 3.206729939469322499e+00 3.336044566061147520e+00 3.465581829766380739e+00 3.595328239975689399e+00 3.725270915513422043e+00 3.855397633885022657e+00 3.985696852966635895e+00 4.116157713158971276e+00 4.246770025925282077e+00 4.377524253077329952e+00 4.508411480018358120e+00 4.639423385291479462e+00 4.770552208141347172e+00 4.901790715318647962e+00 5.033132168000308049e+00 5.164570289433100925e+00 5.296099233711144549e+00 5.427713555952137447e+00 5.559408184030071531e+00 5.691178391944164083e+00 5.823019774847461250e+00 5.954928225718758128e+00 6.086899913633861736e+00 6.218931263573700186e+00 6.351018937695077859e+00 6.483159817983183970e+00 6.615350990201781300e+00 6.747589729056545416e+00 6.879873484488376434e+00 7.012199869016122911e+00 7.144566646051591974e+00 7.276971719113730863e+00 7.409413121873114960e+00 7.541889008962255225e+00 7.674397647491577601e+00 7.806937409215279011e+00 7.939506763295283598e+00 8.072104269615515193e+00 8.204728572602412839e+00 8.337378395511048979e+00 8.470052535139561911e+00 8.602749856937506934e+00 8.735469290476656212e+00 8.868209825255325640e+00 9.000970506809652605e+00 9.133750433107520550e+00 9.266548751202801526e+00 9.399364654129435337e+00 9.532197378016597611e+00 9.665046199407736793e+00 9.797910432767691802e+00 9.930789428163400601e+00 1.006368256910493031e+01 1.019658927053460751e+01 1.032950897695306125e+01 1.046244116067187058e+01 1.059538532018339474e+01 1.072834097863903757e+01 1.086130768242803590e+01 1.099428499984932373e+01 1.112727251986975396e+01 1.126026985096244815e+01 1.139327662001950436e+01 1.152629247133376644e+01 1.165931706564478887e+01 1.179235007924447309e+01 1.192539120313822210e+01 1.205844014225775851e+01 1.219149661472206958e+01 1.232456035114319270e+01 1.245763109397375956e+01 1.259070859689355082e+01 1.272379262423243595e+01 1.285688295042721307e+01 1.298997935951025795e+01 1.312308164462774407e+01 1.325618960758563425e+01 1.338930305842156976e+01 1.352242181500104579e+01 1.365554570263632783e+01 1.378867455372663287e+01 1.392180820741828029e+01 1.405494650928355327e+01 1.418808931101712112e+01 1.432123647014891787e+01 1.445438784977253732e+01 1.458754331828809114e+01 1.472070274915878940e+01 1.485386602068033568e+01 1.498703301576240676e+01 1.512020362172149568e+01 1.525337773008445730e+01 1.538655523640213829e+01 1.551973604007250529e+01 1.565292004417271166e+01 1.578610715529961261e+01 1.591929728341825090e+01 1.605249034171783507e+01 1.618568624647483745e+01 1.631888491692276943e+01 1.645208627512831256e+01 1.658529024587339151e+01 1.671849675654294032e+01 1.685170573701801899e+01 1.698491711957396078e+01 1.711813083878334041e+01 1.725134683142348280e+01 1.738456503638821360e+01 1.751778539460377715e+01 1.765100784894852737e+01 1.778423234417633125e+01 1.791745882684339009e+01
2.058726829252230939e+00 2.196093449869228831e+00 2.333854269171556695e+00 2.472001013354859555e+00 2.610519816513818370e+00 2.749393480333997442e+00 2.888603015619705783e+00 3.028128689211749158e+00 3.167950727487490070e+00 3.308049780225101433e+00 3.448407216905330142e+00 3.589005305953810510e+00 3.729827312547943308e+00 3.870857540231577687e+00 4.012081334272620481e+00 4.153485059514497202e+00 4.295056061776190148e+00 4.436782619207279232e+00 4.578653888102626190e+00 4.720659846313211894e+00 4.862791236405083595e+00 5.005039510010990789e+00 5.147396774312267276e+00 5.289855741227017738e+00 5.432409679624743859e+00 5.575052370708313276e+00 5.717778066580531338e+00 5.860581451929202323e+00 6.003457608710292881e+00 6.146401983675154668e+00 6.289410358569156756e+00 6.432478822820653974e+00 6.575603748538180859e+00 6.718781767637444169e+00 6.862009750926716833e+00 7.005284788988088707e+00 7.148604174702117398e+00 7.291965387273872778e+00 7.435366077629062431e+00 7.578804055059181977e+00 7.722277275004717723e+00 7.865783827874758494e+00 8.009321928810310354e+00 8.152889908306793387e+00 8.296486203618796296e+00 8.440109350877227357e+00 8.583757977855286825e+00 8.727430797325631318e+00 8.871126600956483088e+00 9.014844253699036969e+00 9.158582688623271295e+00 9.302340902162937297e+00 9.446117949734306407e+00 9.589912941696523418e+00 9.733725039624196995e+00 9.877553452865820205e+00 1.002139743536378624e+01 1.016525628271409687e+01 1.030912932944580085e+01 1.045301594650199917e+01 1.059691553890590754e+01 1.074082754359685765e+01 1.088475142742253965e+01 1.102868668527498741e+01 1.117263283835878873e+01 1.131658943258116778e+01 1.146055603705432446e+01 1.160453224270137440e+01 1.174851766095783923e+01 1.189251192256141110e+01 1.203651467642330530e+01 1.218052558857499967e+01 1.232454434118482034e+01 1.246857063163910873e+01 1.261260417168326597e+01 1.275664468661833162e+01 1.290069191454900199e+01 1.304474560567946995e+01 1.318880552165365394e+01 1.333287143493664217e+01 1.347694312823452911e+01 1.362102039394991415e+01 1.376510303367064481e+01 1.390919085768944896e+01 1.405328368455250398e+01 1.419738134063481105e+01 1.434148365974069961e+01 1.448559048272778327e+01 1.462970165715272230e+01 1.477381703693753323e+01 1.491793648205493739e+01 1.506205985823163296e+01 1.520618703666830918e+01 1.535031789377531375e+01 1.549445231092305164e+01 1.563859017420611863e+01 1.578273137422034900e+01 1.592687580585199392e+01 1.607102336807827569e+01 1.621517396377860720e+01 1.635932749955587084e+01 1.650348388556708557e+01 1.664764303536302847e+01 1.679180486573609343e+01 1.693596929657614325e+01 1.708013625073360231e+01 1.722430565388967949e+01 1.736847743443301795e+01 1.751265152334267583e+01 1.765682785407681621e+01 1.780100636246699608e+01 1.794518698661766720e+01 1.808936966681049086e+01 1.823355434541344877e+01 1.837774096679418889e+01 1.852192947723765926e+01 1.866611982486751131e+01 1.881031195957140056e+01 1.895450583292961610e+01 1.909870139814721313e+01 1.924289860998910484e+01 1.938709742471835540e+01
2.200660018500047332e+00 2.350045323299017497e+00 2.499887465668951592e+00 2.650163439173998103e+00 2.800847288186579132e+00 2.951911949918694766e+00 3.103330431214088581e+00 3.255076541624813746e+00 3.407125329894828525e+00 3.559453322626095151e+00 3.712038631948541667e+00 3.864860977612765591e+00 4.017901654437629588e+00 4.171143466161586488e+00 4.324570639964458785e+00 4.478168731254504209e+00 4.631924525091019262e+00 4.785825938387080036e+00 4.939861925503898021e+00 5.094022388797150747e+00 5.248298094960322402e+00 5.402680597529217366e+00 5.557162165594148107e+00 5.711735718562238162e+00 5.866394766686681805e+00 6.021133357008259246e+00 6.175946024319429739e+00 6.330827746750896878e+00 6.485773905586148302e+00 6.640780248925102214e+00 6.795842858839644229e+00 6.950958121688628921e+00 7.106122701285937815e+00 7.261333514641327369e+00 7.416587710018899493e+00 7.571882647082130546e+00 7.727215878916619651e+00 7.882585135742425919e+00 8.037988310146820581e+00 8.193423443685405871e+00 8.348888714715267056e+00 8.504382427337775496e+00 8.659903001341399786e+00 8.815448963046243591e+00 8.971018936962201096e+00 9.126611638181696406e+00 9.282225865436226186e+00 9.437860494753147478e+00 9.593514473655627484e+00 9.749186815854631760e+00 9.904876596386827714e+00 1.006058294715712442e+01 1.021630505284850798e+01 1.037204214716582307e+01 1.052779350938306990e+01 1.068355846116721608e+01 1.083933636365378916e+01 1.099512661475209008e+01 1.115092864666003969e+01 1.130674192357039409e+01 1.146256593955197545e+01 1.161840021659100586e+01 1.177424430277904577e+01 1.193009777063530485e+01 1.208596021555213440e+01 1.224183125435365405e+01 1.239771052395827233e+01 1.255359768013671307e+01 1.270949239635795891e+01 1.286539436271603520e+01 1.302130328493143097e+01 1.317721888342122583e+01 1.333314089243264000e+01 1.348906905923522892e+01 1.364500314336713416e+01 1.380094291593146671e+01 1.395688815893898393e+01 1.411283866469365478e+01 1.426879423521802259e+01 1.442475468171537578e+01 1.458071982406615419e+01 1.473668949035610076e+01 1.489266351643390962e+01 1.504864174549630462e+01 1.520462402769862287e+01 1.536061021978914809e+01 1.551660018476555969e+01 1.567259379155196619e+01 1.582859091469518553e+01 1.598459143407892213e+01 1.614059523465468615e+01 1.629660220618834998e+01 1.645261224302129577e+01 1.660862524384520000e+01 1.676464111148965230e+01 1.692065975272165446e+01 1.707668107805636382e+01 1.723270500157832075e+01 1.738873144077249577e+01 1.754476031636455957e+01 1.770079155216985001e+01 1.785682507495036830e+01 1.801286081427952368e+01 1.816889870241396920e+01 1.832493867417218425e+01 1.848098066681944829e+01 1.863702461995871218e+01 1.879307047542714315e+01 1.894911817719792779e+01 1.910516767128704529e+01 1.926121890566479422e+01 1.941727183017169978e+01 1.957332639643859196e+01 1.972938255781066985e+01 1.988544026927528208e+01 2.004149948739316400e+01 2.019756017023312467e+01 2.035362227730968598e+01 2.050968576952389455e+01 2.066575060910681216e+01 2.082181675956570288e+01 2.097788418563274249e+01
2.355849823907303353e+00 2.518372357823762453e+00 2.681398090762540320e+00 2.844889793311084158e+00 3.008810285445608468e+00 3.173123712051248546e+00 3.337796248587556303e+00 3.502796446451800882e+00 3.668095352942762233e+00 3.833666493120545304e+00 3.999485770119408645e+00 4.165531320444380903e+00 4.331783347656792849e+00 4.498223949223112861e+00 4.664836945623605402e+00 4.831607717091398690e+00 4.998523050922790922e+00 5.165571000731955742e+00 5.332740758029835604e+00 5.500022535894688147e+00 5.667407464141748896e+00 5.834887495204697849e+00 6.002455319854003157e+00 6.170104291857445133e+00 6.337828360710273223e+00 6.505622011608900301e+00 6.673480211901610559e+00 6.841398363314789677e+00 7.009372259319199827e+00 7.177398047064751374e+00 7.345472193372486025e+00 7.513591454328270913e+00 7.681752848073437612e+00 7.849953630433596174e+00 8.018191273067929004e+00 8.186463443857986633e+00 8.354767989287692487e+00 8.523102918594922528e+00 8.691466389500769552e+00 8.859856695344957345e+00 9.028272253475716269e+00 9.196711594759959141e+00 9.365173354094915581e+00 9.533656261815973920e+00 9.702159135907335141e+00 9.870680874932665105e+00 1.003922045161211862e+01 1.020777690698025708e+01 1.037634934506669993e+01 1.054493692804746985e+01 1.071353887182089970e+01 1.088215444196664272e+01 1.105078295005090894e+01 1.121942375024490346e+01 1.138807623622685128e+01 1.155673983834104135e+01 1.172541402099018626e+01 1.189409828023953963e+01 1.206279214161373226e+01 1.223149515806883159e+01 1.240020690812414372e+01 1.256892699413958070e+01 1.273765504072597388e+01 1.290639069327676580e+01 1.307513361661074747e+01 1.324388349371637119e+01 1.341264002458913751e+01 1.358140292515431646e+01 1.375017192626796358e+01 1.391894677278981796e+01 1.408772722272231981e+01 1.425651304641038486e+01 1.442530402579718007e+01 1.459409995373142266e+01 1.476290063332226232e+01 1.493170587733802357e+01 1.510051550764543116e+01 1.526932935468632202e+01 1.543814725698897661e+01 1.560696906071143353e+01 1.577579461921456705e+01 1.594462379266260932e+01 1.611345644764921659e+01 1.628229245684712367e+01 1.645113169867992298e+01 1.661997405701412944e+01 1.678881942087030765e+01 1.695766768415184700e+01 1.712651874539020014e+01 1.729537250750542299e+01 1.746422887758102505e+01 1.763308776665211752e+01 1.780194908950600308e+01 1.797081276449436515e+01 1.813967871335631088e+01 1.830854686105156048e+01 1.847741713560308341e+01 1.864628946794862330e+01 1.881516379180053278e+01 1.898404004351342422e+01 1.915291816195900410e+01 1.932179808840789192e+01 1.949067976641771693e+01 1.965956314172733954e+01 1.982844816215668615e+01 1.999733477751187039e+01 2.016622293949536626e+01 2.033511260162083545e+01 2.050400371913239539e+01 2.067289624892802280e+01 2.084179014948689357e+01 2.101068538080044235e+01 2.117958190430680787e+01 2.134847968282865693e+01 2.151737868051406011e+01 2.168627886278025940e+01 2.185518019626026387e+01 2.202408264875194632e+01 2.219298618916971932e+01 2.236189078749843873e+01 2.253079641474953476e+01 2.269970304291926055e+01
2.525635437846449172e+00 2.702482104113932859e+00 2.879858664982555716e+00 3.057715255671737520e+00 3.236005221729943315e+00 3.414685693416469547e+00 3.593717735249329248e+00 3.773066253530295011e+00 3.952699773525796267e+00 4.132590154126710047e+00 4.312712280597481573e+00 4.493043759099019319e+00 4.673564626161553548e+00 4.854257079804339625e+00 5.035105235057932838e+00 5.216094904302915225e+00 5.397213401502439112e+00 5.578449368696272614e+00 5.759792622800986805e+00 5.941234020670932203e+00 6.122765340420473379e+00 6.304379177128604184e+00 6.486068851203937946e+00 6.667828327858269510e+00 6.849652146306285161e+00 7.031535357469882008e+00 7.213473469113907299e+00 7.395462397474283023e+00 7.577498424559102830e+00 7.759578160409039249e+00 7.941698509696219155e+00 8.123856642121669580e+00 8.306049966142122543e+00 8.488276105618099976e+00 8.670532879028295170e+00 8.852818280941400886e+00 9.035130465476099104e+00 9.217467731514647156e+00 9.399828509465059767e+00 9.582211349392991906e+00 9.764614910366573142e+00 9.947037950877028578e+00 1.012947932021467601e+01 1.031193795069462915e+01 1.049441285063916673e+01 1.067690309803494131e+01 1.085940783479277094e+01 1.104192626154629231e+01 1.122445763293307408e+01 1.140700125330827142e+01 1.158955647284658497e+01 1.177212268399320472e+01 1.195469931822886700e+01 1.213728584311786030e+01 1.231988175961139298e+01 1.250248659958147890e+01 1.268509992356339033e+01 1.286772131868675295e+01 1.305035039677784603e+01 1.323298679261693778e+01 1.341563016233669359e+01 1.359828018194868449e+01 1.378093654598653650e+01 1.396359896625538077e+01 1.414626717067821104e+01 1.432894090223069661e+01 1.451161991795686390e+01 1.469430398805871718e+01 1.487699289505357214e+01 1.505968643299336307e+01 1.524238440674094264e+01 1.542508663129850177e+01 1.560779293118401689e+01 1.579050313985184317e+01 1.597321709915382293e+01 1.615593465883789648e+01 1.633865567608111036e+01 1.652138001505441878e+01 1.670410754651689800e+01 1.688683814743703593e+01 1.706957170063912343e+01 1.725230809447280578e+01 1.743504722250422390e+01 1.761778898322688747e+01 1.780053327979122102e+01 1.798328001975108492e+01 1.816602911482623739e+01 1.834878048067960066e+01 1.853153403670824417e+01 1.871428970584716467e+01 1.889704741438492874e+01 1.907980709179044609e+01 1.926256867055004918e+01 1.944533208601418650e+01 1.962809727625312917e+01 1.981086418192108312e+01 1.999363274612811381e+01 2.017640291431940014e+01 2.035917463416138773e+01 2.054194785543428026e+01 2.072472252993063435e+01 2.090749861135947540e+01 2.109027605525576732e+01 2.127305481889478145e+01 2.145583486121114802e+01 2.163861614272221701e+01 2.182139862545551168e+01 2.200418227288005824e+01 2.218696704984131784e+01 2.236975292249946889e+01 2.255253985827097551e+01 2.273532782577305866e+01 2.291811679477108044e+01 2.310090673612857515e+01 2.328369762175976376e+01 2.346648942458450904e+01 2.364928211848541650e+01 2.383207567826715234e+01 2.401487007961766906e+01 2.419766529907134256e+01 2.438046131397392813e+01 2.456325810244914010e+01
